,sentence_id,text,type
0,0,Trine,PER
1,9,Jørgen Jensen,PER
2,10,J. Jensen,PER
3,17,Trine,PER
4,19,Fårup,LOC
5,19,Andres Andersen,PER
6,21,Anders Thøjsen,PER
7,21,Kirkeby,LOC
8,23,Trine,PER
9,24,Gaansager,LOC
10,29,Uffe,PER
11,29,Bodil,PER
12,30,Chr. Bejers,PER
13,30,Vesterbek,LOC
14,36,Trine,PER
15,37,Peter,PER
16,39,Trine,PER
17,43,Uffe,PER
18,50,Uffe,PER
19,52,Trine,PER
20,54,Roager,PER
21,56,Thomas Nielsen,PER
22,56,Graansager,LOC
23,57,Thomas,PER
24,59,Trine,PER
25,60,Maren,PER
26,60,dia,PER
27,65,Peter,PER
28,66,Jorgen Jensen,PER
29,67,Trine,PER
30,68,Skærbæk,LOC
31,69,Vodder,LOC
32,69,Thomas Nielsen,PER
33,70,Johanne,PER
34,70,Ellen,PER
35,71,Gud,PER
36,72,Iver,PER
37,74,Ester,PER
38,74,Frifelt,LOC
39,79,Uffe,PER
40,80,Trine,PER
41,84,Trine,PER
42,89,Truls,PER
43,90,Uffe,PER
44,91,J. Thøjsen,PER
45,97,Trine,PER
46,99,Trine,PER
47,100,Maren Fog,PER
48,101,Trine,PER
49,103,Koager,LOC
50,105,Uffe,PER
51,106,Peter,PER
52,107,Trine,PER
53,108,Tor,PER
54,109,Søren Stenderup,PER
55,110,Laurids,PER
56,111,Laurids St.,PER
57,118,Laurids,PER
58,123,Iver,PER
59,124,Trine,PER
60,126,Jeppe Vinds,PER
61,128,Trine,PER
62,130,Trine,PER
63,132,Peter,PER
64,133,Trine,PER
65,137,Hoager,LOC
66,139,Signe,PER
67,140,Niels,PER
68,143,Uffe,PER
69,145,Bodil,PER
70,148,Frifeld,LOC
71,151,Havnholdt,LOC
72,152,Peter,PER
73,154,Trine,PER
74,155,Maren Fog,PER
75,156,Trine,PER
76,158,Koager,LOC
77,160,Uffe,PER
78,161,Peter,PER
79,162,Trine,PER
80,164,Uffe korn,PER
81,164,Trine,PER
82,166,Dorthea T.,PER
83,167,Uffe,PER
84,168,vj,PER
85,168,Trine,PER
86,173,Agnes,PER
87,176,Niels Kjær,PER
88,179,Peter,PER
89,184,Trine,PER
90,187,Trine,PER
91,189,Lundsmark,LOC
92,191,Signe,PER
93,192,Roager,PER
94,193,Iver,PER
95,194,Vodder,LOC
96,195,Uffe,PER
97,195,Frifeldt,PER
98,197,Uffe,PER
99,202,Lundsmark,LOC
100,203,Maren Fog,PER
101,208,Trine,PER
102,209,Trine,PER
103,213,Trine,PER
104,214,P.Højer,PER
105,218,Uffe,PER
106,218,Bodil,PER
107,219,jog,ORG
108,219,Ryslinge,LOC
109,219,Uffe,PER
110,219,P. Barsballe,PER
111,221,Ribe,LOC
112,222,Maren Fog,PER
113,222,Uffe,PER
114,224,Trine,PER
115,229,Bodil,PER
116,230,Trine,PER
117,235,Rusland,LOC
118,238,Rusland,LOC
119,242,Trine,PER
120,252,Gud,PER
121,253,buroet,LOC
122,253,Trine,PER
123,258,Skærbæk,LOC
124,259,Trine,PER
125,260,j eg,PER
126,262,Uffe,PER
127,264,Bodil,PER
128,272,Trine,PER
129,276,Vodder,LOC
130,281,Trine,PER
131,283,Vodder,LOC
132,285,Chr. Lastejn,PER
133,285,Birkelev,LOC
134,286,Bodil,PER
135,286,Truls,PER
136,286,Bodil,PER
137,288,Thomas,PER
138,288,Døstrup,LOC
139,290,Trine,PER
140,293,Trine,PER
141,294,Maren,PER
142,296,Povl,PER
143,296,Asta,PER
144,296,Povl,PER
145,298,Trine,PER
146,301,Truls,PER
147,310,Trine,PER
148,311,Birkelev,LOC
149,313,Vodder-Spandet Sogn,LOC
150,315,Peter,PER
151,316,Bodil,PER
152,316,Truls,PER
153,316,Birkelev,LOC
154,323,Bodil,PER
155,325,Jens Thøjsen,PER
156,328,Jens,PER
157,328,Kirstine,PER
158,328,Søren,PER
159,328,Stine Jensen,PER
160,330,Frifeld,LOC
161,330,Niels Kjær,PER
162,335,Bodil,PER
163,337,Ribe,LOC
164,346,Truls,PER
165,346,Johanne,PER
166,347,Bodil,PER
167,347,Uffe,PER
168,348,Trine,PER
169,351,Trine,PER
170,359,Trine,PER
171,373,Peter,PER
172,382,U.,PER
173,382,B.,PER
174,383,Uffe,PER
175,384,Bodil,PER
176,385,Trine,PER
177,386,Niels Kjær,PER
178,386,Sine,PER
179,391,Bodil Varming,PER
180,395,Toftlund,LOC
181,396,Skærbæk,LOC
182,398,Kirstine L.,PER
183,401,Anes,PER
184,401,Sokolade,PER
185,405,Ane Trulsen,PER
186,405,Ravnholdt,PER
187,410,Trine,PER
188,414,Trine,PER
189,427,Hans,PER
190,427,Åge,PER
191,427,Kirstine,PER
192,434,Trine,PER
193,439,Trine,PER
194,441,Uffe,PER
195,441,Trine,PER
196,443,Trine,PER
197,449,Hans,PER
198,449,Age,PER
199,451,Uffe,PER
200,453,Skibelund,LOC
201,458,Peter,PER
202,459,Frifeldt,PER
203,460,Toftlund,LOC
204,466,Uffe,PER
205,467,Trine,PER
206,477,Uffe,PER
207,477,B.,PER
208,480,Fyn,LOC
209,481,Uffe,PER
210,488,Signe,PER
211,489,Stavnskov,LOC
212,489,Trine,PER
213,497,Skærbæk,LOC
214,501,Uffe,PER
215,505,Uffe,PER
216,505,Iver,PER
217,508,Peter,PER
218,514,Ravnholdt,PER
219,515,Jens Bennedsen,PER
220,520,Kirstine,PER
221,525,Uffe,PER
222,529,Agnete J.,PER
223,532,Uffe,PER
224,535,Skærbæk,LOC
225,537,Uffe,PER
226,538,Skærbæk,LOC
227,539,Birkelev,LOC
228,542,Østergaarden,PER
229,545,Peter,PER
230,546,Hørve,LOC
231,551,Trine,PER
232,556,Trine,PER
233,559,Trine,PER
234,566,Trine,PER
235,568,Uffe,PER
236,569,Uffe,PER
237,571,Vig,LOC
238,574,Sine,PER
239,578,Kirsten,PER
240,579,Uffe,PER
241,581,Uffes,PER
242,585,Sangforeningen,ORG
243,595,Gud,PER
244,596,Trine,PER
245,601,Skærbæk,LOC
246,606,Flensborg,LOC
247,607,Vallekilde,LOC
248,608,Fyn,LOC
249,619,Peter,PER
250,621,Peder Jensen,PER
251,628,Sigrid,PER
252,631,Niels,PER
253,631,Maren Hansen,PER
254,632,Trine,PER
255,636,Trine,PER
256,640,Fyn,LOC
257,642,Uffe,PER
258,642,Korsør,LOC
259,645,Sigrid,PER
260,646,Trine,PER
261,647,Peter,PER
262,649,Fyn,LOC
263,653,Trine,PER
264,655,Fyn,LOC
265,655,Sønderjylland,LOC
266,656,Altona,LOC
267,661,Sine,PER
268,662,Nicolaj Thyssen,PER
269,663,Iver,PER
270,667,Kjesten,PER
271,669,Peter,PER
272,670,Trine,PER
273,675,Altona,LOC
274,684,Sigrid,PER
275,687,Trine,PER
276,691,Uffe,PER
277,693,Maren,PER
278,711,Bodil,PER
279,712,Uffe,PER
280,713,Uffe,PER
281,714,Bodil,PER
282,720,Niels Kjær,PER
283,721,Kjestine Lastejn,PER
284,723,Kjestine Lastejn,PER
285,723,Frifeld,LOC
286,732,Svendsbjærg,PER
287,732,Uffe,PER
288,733,Fyn,LOC
289,735,Trier,PER
290,736,Trine,PER
291,737,Peter,PER
292,738,Trine,PER
293,742,Trine,PER
294,754,Trine,PER
295,759,Snertinge,LOC
296,770,Uffe,PER
297,774,Sine,PER
298,784,Uffe,PER
299,784,Bodil,PER
300,786,Augustinus,PER
301,789,Uffe,PER
302,790,Ejlif Trier,PER
303,792,Ivers,PER
304,792,Iver,PER
305,795,København,LOC
306,797,Hamborg,LOC
307,799,Højskolebladet,ORG
308,803,Fjenneslev,LOC
309,809,Niels Kjær,PER
310,810,Uffe,PER
311,811,Uffe,PER
312,811,Svendsbjerg,LOC
313,816,Kjestine Lastejn,PER
314,818,Råager,LOC
315,819,Uffe,PER
316,822,Brøns,PER
317,824,Bodil,PER
318,826,Uffe,PER
319,828,Signe,PER
320,830,Trine,PER
321,831,Musse,PER
322,834,Fyn,LOC
323,844,Gånsager,LOC
324,854,Postvæsenet,ORG
325,856,Storebælt,LOC
326,856,Sjælland,LOC
327,860,Nyborg,LOC
328,863,Bakkely Gård,LOC
329,863,Rejstrup,LOC
330,863,Hjulby,LOC
331,874,Ryslinge,LOC
332,875,Trier,PER
333,877,Niels,PER
334,877,Ryslinge,LOC
335,879,Anne Tønder,PER
336,880,Niels's,PER
337,886,Nyborg,LOC
338,887,Juelsberg skoven,LOC
339,888,Juelsberg skoven,LOC
340,893,Danmark,LOC
341,898,Fyn,LOC
342,904,Michelsen,PER
343,909,Jens Thøjsen,PER
344,912,Danmark,LOC
345,913,Christensen,PER
346,913,Obling,PER
347,915,København,LOC
348,918,Hans Jørgen,PER
349,920,Alfred Kjeistrup,PER
350,920,Nyborg,LOC
351,921,Nyborg,LOC
352,923,Fanø,LOC
353,924,Nyborg Banegård,LOC
354,925,Odense,LOC
355,927,Frederitcia,LOC
356,929,Jakob Villadsen,PER
357,930,Jakob,PER
358,932,Fyn,LOC
359,933,Ullerslev,LOC
360,935,Kerteminde,LOC
361,936,Niels,PER
362,936,Halvor,PER
363,936,Jens,PER
364,942,Peter,PER
365,943,Ribe,LOC
366,945,Trine,PER
367,947,Kjirsten,PER
368,949,Hans,PER
369,949,Aage,PER
370,954,Truls,PER
371,956,Kjirsten,PER
372,956,Truls,PER
373,960,Uffe,PER
374,961,Bodil,PER
375,961,Vodder,PER
376,962,Trine,PER
377,976,Trine,PER
378,978,Fyn,LOC
379,979,Ryslinge,LOC
380,981,Peter,PER
381,983,Niels,PER
382,988,Niels,PER
383,990,Niels,PER
384,992,Uffe,PER
385,992,Uffe,PER
386,993,Niels',PER
387,994,Peter,PER
388,996,Ringe,LOC
389,997,Niels,PER
390,999,Uffe,PER
391,1005,Langeje,LOC
392,1009,Uffe,PER
393,1009,Nyborg,LOC
394,1012,Danmark,LOC
395,1013,Jylland,LOC
396,1013,København,LOC
397,1019,Bakkely,PER
398,1022,Lyk,LOC
399,1023,Løtzen ligger,LOC
400,1027,Hamborg,LOC
401,1027,Rhinen,LOC
402,1037,Peter,PER
403,1038,Musk,PER
404,1042,Løtzen,PER
405,1048,mugle,PER
406,1053,Staden,LOC
407,1054,Elmshorn,LOC
408,1077,Peter,PER
409,1077,Petersen,PER
410,1077,Løtzen,LOC
411,1078,Petersen,PER
412,1091,Peter,PER
413,1098,Aabenraa,LOC
414,1100,Døstrup,LOC
415,1141,Kønigsberg,LOC
416,1144,Rusland,LOC
417,1148,Skærbæk,LOC
418,1173,Løtzen,LOC
419,1174,Rusland,LOC
420,1181,Poulsen,PER
421,1184,østen,LOC
422,1185,Peter,PER
423,1189,marsch,LOC
424,1199,Søren Tønder,PER
425,1199,Bodil,PER
426,1202,Peter,PER
427,1204,Jørn,PER
428,1204,Lautrup,LOC
429,1206,Løtzen,LOC
430,1226,Poulsen,PER
431,1226,Jørn,PER
432,1227,Jørgen,PER
433,1230,Løtzen,LOC
434,1241,snell,PER
435,1245,Peter,PER
436,1257,Poulsen,PER
437,1258,Poulsen,PER
438,1260,Ary s,PER
439,1266,Kosmorama,LOC
440,1273,Gybbe,LOC
441,1281,Poulsen,PER
442,1289,Poulsen,PER
443,1289,Mærsk,PER
444,1293,Arys,PER
445,1304,Musse,PER
446,1309,P. Jensen,PER
447,1312,Poulsen,PER
448,1314,Arys,PER
449,1321,Løtzen,PER
450,1323,Arys,LOC
451,1342,Løtzen,LOC
452,1346,Gud,PER
453,1346,Gud,PER
454,1348,P. Barsballe,PER
455,1350,Peter,PER
456,1356,Peters,PER
457,1358,Staden,LOC
458,1377,Sine Rahr,PER
459,1378,Asmus,PER
460,1379,Vallekilde,LOC
461,1381,Petersen,PER
462,1386,Peter,PER
463,1392,Konkordia,LOC
464,1418,Løtzen,LOC
465,1426,Feldvebel,PER
466,1428,Schlesvig,LOC
467,1429,Flensborg,LOC
468,1433,Poulsen,PER
469,1433,Petersen,PER
470,1436,V.C.,PER
471,1441,Peter,PER
472,1455,Ravnholdt,PER
473,1459,Niels Kjær,PER
474,1459,Roager Sogn,LOC
475,1463,Peter,PER
476,1464,Dilletanten,PER
477,1471,Feldveblen,PER
478,1474,Petersen,PER
479,1475,Poulsen,PER
480,1479,gud,PER
481,1483,Hejmdal,PER
482,1483,Schiffere,PER
483,1487,Løtzen,LOC
484,1491,Freja,PER
485,1491,Åbling Station,LOC
486,1495,Petersen,PER
487,1496,Poulsen,PER
488,1504,Mærsk,ORG
489,1543,Petersen,PER
490,1544,Poulsen,PER
491,1549,Peter,PER
492,1557,Arys,PER
493,1563,Hejmdal,PER
494,1570,Petersen,PER
495,1570,Arys,LOC
496,1580,N.Kjærs,PER
497,1581,Bøse,PER
498,1581,aa,PER
499,1585,Petersen,PER
500,1591,Arys,PER
501,1592,Peter,PER
502,1604,Løtzen,LOC
503,1604,Danzig,LOC
504,1608,Leutnanten,PER
505,1618,Maren,PER
506,1621,Kjærs,PER
507,1629,Peter,PER
508,1633,Trine,PER
509,1637,Hygum,LOC
510,1637,Kiel,LOC
511,1637,Vojens,LOC
512,1638,Skærbæk,PER
513,1643,Kirstens,PER
514,1643,Mads,PER
515,1645,Sine,PER
516,1657,Uffe,PER
517,1660,Uffe,PER
518,1662,Peter,PER
519,1666,N. Kjær,PER
520,1669,Peter,PER
521,1684,N. Kjær,PER
522,1685,H. Nissen,PER
523,1686,Ryslinge,LOC
524,1687,P. Christensen,PER
525,1702,Petersen,PER
526,1709,Hans Nissen,PER
527,1709,Ryslinge,LOC
528,1713,Berlin,LOC
529,1719,Berlin,LOC
530,1742,Kjærs,PER
531,1742,Elmshorn,LOC
532,1745,Gånsager,LOC
533,1751,Peter,PER
534,1760,Skærbæk,LOC
535,1762,Mærsk,PER
536,1762,Berlin,LOC
537,1762,Hamborg,LOC
538,1766,bægge,PER
539,1768,Petersen,PER
540,1774,Trine,PER
541,1776,Trine,PER
542,1777,Jens Thomsens,PER
543,1781,M.P.,PER
544,1793,N. Kjærs,PER
545,1801,Heinrich,PER
546,1811,Regimentsmus,PER
547,1817,Løtsens,LOC
548,1825,Elmshorn,LOC
549,1830,Rastenburg,LOC
550,1843,Peter,PER
551,1869,je,PER
552,1870,Uffe,PER
553,1872,Petersen,PER
554,1872,Poulsen,PER
555,1872,Petersen,PER
556,1873,Petersen,PER
557,1873,Skærbæk,LOC
558,1874,Uffe,PER
559,1874,Sigurd,PER
560,1875,Poulsen,PER
561,1877,Grandens,LOC
562,1892,Poulsen,PER
563,1892,Poulsen,PER
564,1892,Petersen,PER
565,1893,Petersen,PER
566,1894,Gefr,PER
567,1896,Poulsen,PER
568,1896,Raztenburg,LOC
569,1898,Nordslesvig,LOC
570,1918,Hamborg,LOC
571,1922,Petersen,PER
572,1922,Poulsen,PER
573,1923,Petersen,PER
574,1923,Arys,PER
575,1924,Øst-,LOC
576,1924,Vestpreussen,LOC
577,1938,H. Nissen,PER
578,1938,Uffe,PER
579,1944,Poulsen,PER
580,1944,Fyn,LOC
581,1944,Bakkely,LOC
582,1947,Peter,PER
583,1953,Poulsen,PER
584,1955,Dobbelpost,PER
585,1961,Arys,PER
586,1968,Berlin,LOC
587,1978,Poulsen,PER
588,1979,Petersen,PER
589,1979,Arys,PER
590,1980,P. Barsballe,PER
591,1988,Trine,PER
592,1993,Asmus,PER
593,1995,Sønderjylland,LOC
594,1995,Malmø,LOC
595,1996,Hans Nissen,PER
596,1997,Aabenrå,ORG
597,2001,Petersen,PER
598,2001,Poulsen,PER
599,2006,Kristine Larstejn,PER
600,2006,Roskilde,LOC
601,2007,Trine,PER
602,2010,Valdemar Nissen,PER
603,2015,Arys,LOC
604,2018,Peter,PER
605,2022,Elmshorn,ORG
606,2033,Oberstl,PER
607,2039,Petersen,PER
608,2039,Gefr,PER
609,2043,Peter,PER
610,2047,Lise,PER
611,2049,Lise,PER
612,2050,Nis Becks,PER
613,2064,Aryz,LOC
614,2071,Aryz,LOC
615,2073,Aryz,PER
616,2075,Peter,PER
617,2076,Aryz,PER
618,2082,Arys,PER
619,2083,Peter,PER
620,2104,Niels Skau,PER
621,2105,Vollau,PER
622,2105,Mads,PER
623,2105,Petersen,PER
624,2105,Poulsen,PER
625,2106,Niels Skau,PER
626,2114,Løtzen,PER
627,2115,Peter,PER
628,2120,Sparekassen,ORG
629,2121,Peter,PER
630,2125,Ole,PER
631,2133,Niels Skau,PER
632,2157,Hansens,PER
633,2161,Arys,PER
634,2161,Løtzen,LOC
635,2173,Maren,PER
636,2173,Løtzen,LOC
637,2175,Peter Mærsk,PER
638,2198,Gefr,ORG
639,2201,Arys.det,LOC
640,2205,Peter Mærsk,PER
641,2211,Vojens,LOC
642,2211,Stenderup,LOC
643,2215,Petersen,PER
644,2216,Poulsen,PER
645,2216,Callesen,PER
646,2217,Poulsen,PER
647,2217,Gefr,PER
648,2218,Poulsen,PER
649,2221,udlov,LOC
650,2222,Hans Nissen,PER
651,2222,Nordborg,LOC
652,2222,Kiel,LOC
653,2222,Rendsborg,LOC
654,2228,Trine,PER
655,2230,Iver,PER
656,2233,Madsen Barsballe,PER
657,2233,Stenderup,LOC
658,2238,Vojens,LOC
659,2238,Østerlindet,LOC
660,2241,Uffe,PER
661,2244,Trine,PER
662,2247,Truls,PER
663,2248,Truls,PER
664,2249,Truls,PER
665,2249,Sønderjylland,LOC
666,2253,herfra Løtzen,PER
667,2253,Vallekilde,LOC
668,2254,Peter,PER
669,2255,Hans Nissen,PER
670,2255,Kiel,LOC
671,2257,Feldveblen,PER
672,2259,Hauptmand Becker,PER
673,2262,Anders Thomsen,PER
674,2270,Feldveblen,ORG
675,2285,Peter,PER
676,2287,Trine,PER
677,2296,Vojens,LOC
678,2308,Signe,PER
679,2308,Jens Thomsens,PER
680,2310,Aa,PER
681,2311,Peter Maler,PER
682,2312,Uffe,PER
683,2325,Peter,PER
684,2326,Vojens,LOC
685,2332,Feldveblen,PER
686,2333,Pær,PER
687,2338,Arys,LOC
688,2344,Peter Mærsk,PER
689,2347,Rusland,LOC
690,2348,Guds,PER
691,2352,Trine,PER
692,2354,Gud,PER
693,2358,Løtzen,PER
694,2366,Peter,PER
695,2381,Peter,PER
696,2392,Gud,PER
697,2392,Gud,PER
698,2393,Gud,PER
699,2396,England,LOC
700,2396,Tyskland,LOC
701,2411,Buroet,LOC
702,2418,Løtzen,LOC
703,2418,Rhirn,LOC
704,2422,kommen,LOC
705,2426,Trine,PER
706,2427,Gud,PER
707,2428,Gud,PER
708,2431,Peter,PER
709,2437,buroet,LOC
710,2443,Altona,LOC
711,2447,Trine,PER
712,2451,Kanske,PER
713,2451,Bialla,LOC
714,2452,Nis Beck,PER
715,2452,Posthuset,LOC
716,2455,Østpreussen,LOC
717,2458,Lyk,LOC
718,2467,Rådhuset,LOC
719,2476,Gud,PER
720,2479,Bialla,ORG
721,2493,Bialla,LOC
722,2497,Bialla,LOC
723,2502,Peter,PER
724,2504,Bialla,LOC
725,2504,Johannisburg,LOC
726,2506,Peter,PER
727,2508,Allenstein,LOC
728,2522,Gud,PER
729,2529,Orlau,LOC
730,2557,Gud,PER
731,2558,Kanske,PER
732,2558,Orlau,LOC
733,2561,Peter,PER
734,2566,Gud,PER
735,2570,Gud,PER
736,2571,Orlau,LOC
737,2575,Peter,PER
738,2579,Allenstein,LOC
739,2580,Gud,PER
740,2585,Trine,PER
741,2588,Bialla,LOC
742,2588,Trine,PER
743,2591,Gud,PER
744,2592,Peter,PER
745,2594,Gud,PER
746,2607,Gud,PER
747,2608,Allenstein,LOC
748,2608,Allenstein,LOC
749,2616,Gud,PER
750,2620,Poulsen,PER
751,2621,frankrig,LOC
752,2621,Slesien,LOC
753,2623,Gud,PER
754,2632,Trine,PER
755,2637,Trine,PER
756,2642,Uffe,PER
757,2643,P. Jensen,PER
758,2646,Ellens,PER
759,2647,Peter,PER
760,2648,Gud,PER
761,2650,Iver,PER
762,2651,Ellen,PER
763,2655,Signe,PER
764,2657,Dagny Jensen,PER
765,2658,Kristine Rahrs,PER
766,2658,Johanne Skovs plads,PER
767,2659,Fyn,LOC
768,2659,Dagny,PER
769,2659,Sigrid Nielsen,PER
770,2660,Maren Bøjlesen,PER
771,2662,Sigrid,PER
772,2662,Sinna,PER
773,2662,Povl,PER
774,2662,Nekselø,LOC
775,2663,Sigrid,PER
776,2663,Povl,PER
777,2665,Niels,PER
778,2668,Elisabeth,PER
779,2668,Fyn,LOC
780,2671,Henrik Nielsens,PER
781,2673,Niels,PER
782,2674,Maren Bøjlesen,PER
783,2679,Peter,PER
784,2697,Trine,PER
785,2698,Peter,PER
786,2699,Refsau,LOC
787,2699,Rehsau,LOC
788,2700,Darkehmen,PER
789,2701,Trine,PER
790,2724,Japan,LOC
791,2724,Tyrkiet,LOC
792,2724,Rusland,LOC
793,2724,Rusland,LOC
794,2725,Peter,PER
795,2728,Angerborg,LOC
796,2735,Løtzen,LOC
797,2735,Galitein,LOC
798,2738,Sibirien,LOC
799,2741,Østerrig,LOC
800,2744,Japan,LOC
801,2744,Tyrkiet,LOC
802,2751,Peter,PER
803,2756,Trine,PER
804,2757,Thorn,LOC
805,2760,Gud,PER
806,2762,Uffe,PER
807,2763,Uffe,PER
808,2763,Ravnhold,LOC
809,2763,Åbling,LOC
810,2765,Trine,PER
811,2766,Trine,PER
812,2767,Trine,PER
813,2767,Trine,PER
814,2768,Trine,PER
815,2769,Trine,PER
816,2770,Tr.,PER
817,2770,Bejers,PER
818,2773,Trine,PER
819,2773,Gud,PER
820,2774,Trine,PER
821,2775,Trine,PER
822,2776,Peter,PER
823,2780,Rusland,LOC
824,2783,Peter,PER
825,2785,Rusland,LOC
826,2787,Buroet,LOC
827,2808,Berlin,LOC
828,2809,Poulsen,PER
829,2810,Uffe,PER
830,2810,Guds,PER
831,2811,Peter,PER
832,2815,Trine,PER
833,2824,Trine,PER
834,2827,Gud,PER
835,2830,Trine,PER
836,2831,Trine,PER
837,2831,Gud,PER
838,2832,Uffe,PER
839,2832,Gud,PER
840,2832,Gud,PER
841,2833,Uffe,PER
842,2834,Trine,PER
843,2834,Gud,PER
844,2845,Gefr,ORG
845,2849,Varschau,LOC
846,2851,badgadsen,LOC
847,2851,Callesen,PER
848,2853,Gud,PER
849,2860,Grete,PER
850,2862,Brigade,ORG
851,2862,Gefr,ORG
852,2869,Callesen,PER
853,2875,Gud,PER
854,2877,Guds,PER
855,2880,Trine,PER
856,2882,Poulsens,PER
857,2898,Jørgen Jensen,PER
858,2898,Grete,PER
859,2910,Gustav Gert,PER
860,2918,Sandbjerg,LOC
861,2937,Peter,PER
862,2943,Tyskland,LOC
863,2953,Tyskland,LOC
864,2954,Thorn,PER
865,2957,Hejmdal,PER
866,2958,Callesen,PER
867,2959,buroet,LOC
868,2962,Hejmdal,PER
869,2962,Dannevirke,LOC
870,2962,Gud,PER
871,2964,Gud,PER
872,2967,Thøjsen,PER
873,2971,Trine,PER
874,2976,Tyskland,LOC
875,2977,Varschau,PER
876,2978,Hemming,PER
877,2978,Varschau,PER
878,2987,Østpreussen,LOC
879,3001,Gud,PER
880,3003,Gud,PER
881,3004,kanske,PER
882,3011,Trine,PER
883,3013,Peter,PER
884,3018,Ordonans,ORG
885,3031,cg,ORG
886,3038,østpreuser,LOC
887,3041,Søren Møller,PER
888,3056,Trine,PER
889,3057,Peter,PER
890,3059,Trine,PER
891,3061,Trine,PER
892,3061,Ablings,PER
893,3061,Skærbæk,LOC
894,3088,Guds,PER
895,3094,Gud,PER
896,3099,Berlin,LOC
897,3101,krads,PER
898,3108,Trine,PER
899,3111,Thomas Nielsen,PER
900,3112,Signe Lycke,PER
901,3114,Trine,PER
902,3120,Mærsk,PER
903,3127,tere,PER
904,3128,Peter,PER
905,3133,Peter,PER
906,3134,Peter,PER
907,3139,Trine,PER
908,3139,Peter,PER
909,3143,Peter,PER
910,3146,Gud,PER
911,3153,Trine,PER
912,3159,P. Jensen,PER
913,3160,Trine,PER
914,3164,Iver,PER
915,3170,Altona,LOC
916,3172,Conjak,PER
917,3179,Dombrova,LOC
918,3194,Trine,PER
919,3211,Trine,PER
920,3214,Trine,PER
921,3216,Gud,PER
922,3218,Gud,PER
923,3222,Ablings,ORG
924,3222,Skærbæk,LOC
925,3231,Peter,PER
926,3240,Trine,PER
927,3256,Gud,PER
928,3265,Trine,PER
929,3265,Thelephonen,PER
930,3267,Peter,PER
931,3282,Gud,PER
932,3284,Betlehem,LOC
933,3292,Tyskland,LOC
934,3293,Peter,PER
935,3300,Trine,PER
936,3300,Chr. Bejer Roager,PER
937,3312,Meiske,PER
938,3327,Berlin,LOC
939,3327,Sachsen,LOC
940,3327,Hanover,LOC
941,3336,Batl,LOC
942,3337,post,ORG
943,3340,Thelephonen,PER
944,3340,buroet,LOC
945,3342,Gud,PER
946,3347,Trine,PER
947,3359,N. Kjær,PER
948,3359,Sine,PER
949,3359,Hejmdal,ORG
950,3359,Thomsen,PER
951,3360,Katrine Midtgård,PER
952,3361,L. Abling,ORG
953,3362,Salmiak,PER
954,3367,Trine,PER
955,3367,Skærbæk,LOC
956,3374,Margrete Jørgensen Skærbæk,PER
957,3375,Hansen,PER
958,3375,Mathilde,PER
959,3375,Ellen,PER
960,3379,Jørgen Andersen,PER
961,3379,Bakkely,PER
962,3383,Laust Obling,PER
963,3385,Annis,PER
964,3396,Italien,LOC
965,3396,Paris,LOC
966,3397,Italien,LOC
967,3397,Italien,LOC
968,3397,Italien,LOC
969,3397,Frankrig,LOC
970,3398,Gud,PER
971,3414,Trine Kjems Gad,PER
972,3414,Ravnholt Roagger,PER
973,3414,Schleswig-Holst,PER
974,3427,Berlin,LOC
975,3428,Berlin,LOC
976,3442,Frandsen,ORG
977,3442,Skærbæk,LOC
978,3453,Warschau,LOC
979,3454,Hindenburg,LOC
980,3454,Warsrchau Kajseren,LOC
981,3462,Frankrig,LOC
982,3463,Berlin,LOC
983,3469,Trine,PER
984,3480,Berlin,LOC
985,3487,Feldposten,LOC
986,3501,Camilla,PER
987,3503,Røde Kors,ORG
988,3508,Gud,PER
989,3515,Trine,PER
990,3519,Ludvigs,PER
991,3520,Ludvigs,PER
992,3525,Callesen,PER
993,3525,Flensborg,LOC
994,3525,Poulsen,PER
995,3526,Nis Bek,PER
996,3526,Tyskland,LOC
997,3532,Maren,PER
998,3537,Maren Mærsk Østeråbling,PER
999,3537,Hadersleben,PER
1000,3540,Skjærnevitze,LOC
1001,3554,R.,LOC
1002,3587,Ruslands,LOC
1003,3596,Feldl,PER
1004,3599,Trine,PER
1005,3609,Lodz,LOC
1006,3614,Lodz,PER
1007,3627,Davre,PER
1008,3630,Tyskland,LOC
1009,3635,Tyskland,LOC
1010,3644,Magdalena Villadsen,PER
1011,3651,Sanitætsvæsnet,ORG
1012,3651,Tyskland,LOC
1013,3653,Tyskland,LOC
1014,3657,Trine,PER
1015,3672,Trine,PER
1016,3682,V.C.,PER
1017,3683,Magdeburg,LOC
1018,3686,Breslau,LOC
1019,3686,Halle,LOC
1020,3689,Lissa,LOC
1021,3689,Tyskland,LOC
1022,3692,adr.,PER
1023,3692,Halle,LOC
1024,3694,Peter,PER
1025,3713,Peter,PER
1026,3714,Peter,PER
1027,3716,Moer,PER
1028,3716,Postvæsnet,ORG
1029,3717,Peter Gad,PER
1030,3718,Trine,PER
1031,3718,P. Jensen,PER
1032,3718,Iver,PER
1033,3718,Ellen,PER
1034,3719,Rosendal,PER
1035,3719,Truels,PER
1036,3719,Anne Tønder,PER
1037,3719,Iver,PER
1038,3719,Ellen,PER
1039,3719,Agnes Schmidt,PER
1040,3721,Iver,PER
1041,3721,Kjæresten,PER
1042,3721,Anders Ribe,PER
1043,3721,Danmarks,LOC
1044,3723,Frankrig,LOC
1045,3726,Gud,PER
1046,3726,Gud,PER
1047,3726,Gud,PER
1048,3726,Trine,PER
1049,3728,aa,PER
1050,3729,Faer,PER
1051,3729,Marie,PER
1052,3729,P. Barsballes,PER
1053,3729,Trine,PER
1054,3729,Trine,PER
1055,3729,Postvæsenet,ORG
1056,3731,P. Barsballes,PER
1057,3732,Peter,PER
1058,3747,Gud,PER
1059,3753,Lods,LOC
1060,3756,Berlin,LOC
1061,3756,Berlin,LOC
1062,3759,Kiel,LOC
1063,3759,Hamburg Altona,LOC
1064,3776,Lazaret,LOC
1065,3776,Märmer station,LOC
1066,3777,Halle a/,ORG
1067,3781,Halle,LOC
1068,3783,Lods,LOC
1069,3804,Tyskland,LOC
1070,3812,Thyphus,PER
1071,3827,Tyskland,LOC
1072,3827,Frankrig,LOC
1073,3836,Trine,PER
1074,3836,Martin Jørgensen,PER
1075,3850,Halle,PER
1076,3853,Gud,PER
1077,3853,nole,PER
1078,3865,Lodz,LOC
1079,3870,Maren Jessens,PER
1080,3871,Lazaret,LOC
1081,3876,Jetzow,LOC
1082,3876,Skirnevitze,LOC
1083,3885,Lodz,LOC
1084,3889,Peter,PER
1085,3890,Trine,PER
1086,3893,Lodz,ORG
1087,3903,Bettruh,PER
1088,3907,P. Kjær,PER
1089,3908,Ostpreussen,LOC
1090,3908,postvæsnet,ORG
1091,3909,Ostpreussen,LOC
1092,3921,Peter,PER
1093,3926,Poulsens,PER
1094,3926,Trine,PER
1095,3947,Peter,PER
1096,3948,Rusland,LOC
1097,3957,P. Barsballe,PER
1098,3957,Niels Kjaers,PER
1099,3958,Niels,PER
1100,3960,Generalkommandoen,ORG
1101,3964,Trine,PER
1102,3980,Trine,PER
1103,3988,Halle,PER
1104,3990,Halle,LOC
1105,3991,Hamborg,LOC
1106,3991,Berlin,LOC
1107,3991,Halle Station,LOC
1108,3993,Trine,PER
1109,3993,Gud,PER
1110,3995,Lazarettet,LOC
1111,3996,Trine,PER
1112,4010,Ersatz,ORG
1113,4012,Elbing,LOC
1114,4017,Ers,ORG
1115,4024,Battl,ORG
1116,4036,Gud,PER
1117,4039,Løtzen,LOC
1118,4039,Elbing,LOC
1119,4041,Berlin,LOC
1120,4042,Løtzen,LOC
1121,4044,Løtzen,PER
1122,4046,Peter,PER
1123,4050,Elbing,LOC
1124,4050,Braunsberg,PER
1125,4053,Braunsberg,PER
1126,4054,Peter,PER
1127,4056,Trine,PER
1128,4058,Tyskland,LOC
1129,4067,Rusland,LOC
1130,4072,Halle,LOC
1131,4073,Halle,PER
1132,4078,Peter,PER
1133,4081,Feldveblen,ORG
1134,4085,Peter,PER
1135,4088,Halle,PER
1136,4097,Ersatz Batl,ORG
1137,4098,Braunsberg,LOC
1138,4100,postvæsnets,ORG
1139,4107,Gud,PER
1140,4115,Poulsens,PER
1141,4115,Halle,LOC
1142,4117,Karpaterne,LOC
1143,4117,Peter,PER
1144,4118,Jes Mærsk,PER
1145,4131,Banegården,LOC
1146,4145,Berlin,LOC
1147,4145,Jes,PER
1148,4145,Trine,PER
1149,4145,Berlin,LOC
1150,4147,Peter,PER
1151,4147,Rusland,LOC
1152,4147,Gud,PER
1153,4148,Peter,PER
1154,4151,Jens Tøjsen,PER
1155,4151,Dorthea,PER
1156,4152,Danmarks,LOC
1157,4153,Peter,PER
1158,4154,Gud,PER
1159,4154,Hemming,PER
1160,4154,Peter,PER
1161,4154,Gud,PER
1162,4157,Peter,PER
1163,4158,Jes,PER
1164,4160,Jes,PER
1165,4160,Maren Mærsk,PER
1166,4173,Truls,PER
1167,4174,Truls,PER
1168,4179,Jens Thøjsen,PER
1169,4181,Truls,PER
1170,4183,Trine,PER
1171,4187,Peter,PER
1172,4192,Braunsberg,PER
1173,4200,Trine,PER
1174,4206,Sandbjærg,LOC
1175,4207,Niels Kjær,PER
1176,4207,Sandbjærg,LOC
1177,4208,Krigsskuepladsen,LOC
1178,4216,Jens,PER
1179,4217,H. Jørgen,PER
1180,4224,Braunsberg,LOC
1181,4228,Trine,PER
1182,4228,P. Barsballes,PER
1183,4230,Niels Kjær,PER
1184,4232,Peter,PER
1185,4233,Trine,PER
1186,4239,Fyn,LOC
1187,4241,Niels Kjær,PER
1188,4242,Adser Skov,PER
1189,4242,Adser,PER
1190,4243,Trine,PER
1191,4246,Kirstine Bejer,PER
1192,4253,Peter,PER
1193,4254,Signe,PER
1194,4257,Trine,PER
1195,4258,Ersatz Batl,LOC
1196,4269,Libau,LOC
1197,4270,Gud,PER
1198,4271,Braunsberg,LOC
1199,4272,Braunsberg,LOC
1200,4277,Tyskland,LOC
1201,4278,Braunsberg,LOC
1202,4280,Trine,PER
1203,4285,Peter,PER
1204,4290,Braunsberg,LOC
1205,4292,Mærsk,PER
1206,4299,Feldveblen,ORG
1207,4304,Gefr,PER
1208,4307,Loritz,LOC
1209,4308,Trine,PER
1210,4320,Østen,LOC
1211,4321,Trine,PER
1212,4323,Pindsen,LOC
1213,4327,Pindsen,PER
1214,4329,Hamborg,LOC
1215,4329,Braunsberg,LOC
1216,4333,Østersøen,LOC
1217,4336,Peter,PER
1218,4340,Batl,ORG
1219,4341,Buroet,PER
1220,4360,Braunsberg,LOC
1221,4364,Jens,PER
1222,4365,Trine,PER
1223,4368,Trine,PER
1224,4371,Margrete Jensen,PER
1225,4379,Braunsberg,LOC
1226,4384,Jens Barsballe,PER
1227,4386,Trine,PER
1228,4394,Peter,PER
1229,4396,Trine,PER
1230,4413,3. komp,ORG
1231,4416,Allenstein,LOC
1232,4420,Peter,PER
1233,4425,Johan Johansen,PER
1234,4437,Feldveblen,PER
1235,4440,Italien,LOC
1236,4442,Gud,PER
1237,4443,Russerne,LOC
1238,4445,Trine,PER
1239,4467,Peter,PER
1240,4471,Trine,PER
1241,4472,Braunsberg,PER
1242,4473,Becker,PER
1243,4488,Trine,PER
1244,4499,Trine,PER
1245,4503,Schwartz,PER
1246,4504,Schwartz,PER
1247,4509,Skopnik,PER
1248,4514,Uffes,PER
1249,4515,Peter,PER
1250,4519,Hindenburg,PER
1251,4521,Trine,PER
1252,4527,Johannes,PER
1253,4527,Marta,PER
1254,4528,Hejsel,PER
1255,4528,Ravnhold,LOC
1256,4536,Mærsk,PER
1257,4542,Nordslesvig,LOC
1258,4550,Peter,PER
1259,4579,Ersatz Batl,LOC
1260,4585,Trine,PER
1261,4585,Hejsel,PER
1262,4588,Skopnik,PER
1263,4589,Ostpreusen,LOC
1264,4590,Hannover,LOC
1265,4591,Trine,PER
1266,4595,Signe,PER
1267,4599,Guds,PER
1268,4612,Trine,PER
1269,4622,Trine,PER
1270,4627,Peter,PER
1271,4632,Trine,PER
1272,4643,Trine,PER
1273,4647,P.G.,PER
1274,4652,Halle,PER
1275,4654,Hygum,PER
1276,4656,Peter,PER
1277,4661,Skopnik,PER
1278,4661,Batl,LOC
1279,4666,J. Cakariesen,PER
1280,4671,Rusland,LOC
1281,4675,Becker,PER
1282,4676,Becker,PER
1283,4677,Batl,ORG
1284,4680,Alpenkoret,LOC
1285,4682,Italien,LOC
1286,4684,alfald,PER
1287,4688,Peter,PER
1288,4697,Trine,PER
1289,4698,Johannes,PER
1290,4698,Martha,PER
1291,4699,Trine,PER
1292,4702,P.B.,PER
1293,4707,P. Barsballe,PER
1294,4709,Signe,PER
1295,4710,Gud,PER
1296,4711,Trine,PER
1297,4712,Peter,PER
1298,4716,Trine,PER
1299,4723,Peter,PER
1300,4726,Uffe,PER
1301,4737,Iver,PER
1302,4737,vesterengen,LOC
1303,4743,Trine,PER
1304,4744,Gefreiter,ORG
1305,4744,Måérsk II,ORG
1306,4746,Braunsberg,PER
1307,4746,Ostpr,LOC
1308,4748,Trine,PER
1309,4771,Braunsberg,LOC
1310,4772,Peter,PER
1311,4789,Mærsk,PER
1312,4796,Trine,PER
1313,4799,Trine,PER
1314,4801,Ivers,PER
1315,4804,Ekcercerpladsen,LOC
1316,4810,Østersøen,LOC
1317,4812,Skopnik,PER
1318,4813,Braunsberg,LOC
1319,4814,Hauptmann,PER
1320,4814,Belgien,LOC
1321,4816,Ivers Ellen,PER
1322,4820,Peter,PER
1323,4821,Trine,PER
1324,4841,Peter,PER
1325,4854,Elbing,ORG
1326,4859,Arys,PER
1327,4860,Trine,PER
1328,4864,Peter,PER
1329,4865,Trine,PER
1330,4876,Arys,PER
1331,4881,Peter,PER
1332,4887,Arys,PER
1333,4890,Schwarzen Adler,PER
1334,4899,Peter,PER
1335,4907,Berlin,LOC
1336,4916,Trine,PER
1337,4917,Skopnik,PER
1338,4920,Vallekilde,LOC
1339,4923,Braunsberg,LOC
1340,4927,Møller,PER
1341,4928,Skopnik,PER
1342,4933,Skopnik,PER
1343,4936,Meiske,PER
1344,4936,Batl,ORG
1345,4937,Tambor,LOC
1346,4940,Feldvebel,PER
1347,4945,Peter,PER
1348,4950,Märsk,PER
1349,4953,Løtzen,LOC
1350,4954,Soldau,PER
1351,4955,Løtzen,LOC
1352,4959,Orlau,LOC
1353,4961,Løtzen,LOC
1354,4967,Peter,PER
1355,4968,P. Barsballe,PER
1356,4972,Arys,PER
1357,4977,Schwartz,PER
1358,4979,Braunsberg,LOC
1359,4984,Peter,PER
1360,4985,Ivers,PER
1361,4992,Allenstein,LOC
1362,5001,Meiske,PER
1363,5004,Peter,PER
1364,5006,Braunsberg,PER
1365,5006,Spandau,LOC
1366,5009,Spandau,LOC
1367,5013,Hauptm,PER
1368,5013,Braunsberg,LOC
1369,5014,Braunsberg,LOC
1370,5015,Ålen,PER
1371,5018,Schlesvig Holstein,LOC
1372,5024,Peter,PER
1373,5025,Spandau,LOC
1374,5026,Berlin,LOC
1375,5026,Dirschau,PER
1376,5027,Trine,PER
1377,5032,Berlin,LOC
1378,5033,Ersatz Batl,ORG
1379,5035,Spandau,LOC
1380,5035,Berlin,LOC
1381,5036,Braunsberg,LOC
1382,5037,Gud,PER
1383,5043,Braunsberg,PER
1384,5044,Spandau,LOC
1385,5045,Spandau,LOC
1386,5047,Braunsberg,PER
1387,5049,Peter,PER
1388,5050,Trine,PER
1389,5052,Peter,PER
1390,5053,Trine,PER
1391,5055,Spandau Bok,LOC
1392,5055,Potsdampladsen,LOC
1393,5055,Brandenburger Tor,LOC
1394,5056,P. Jensen,PER
1395,5058,Hindenburg,LOC
1396,5062,Linden alleen,LOC
1397,5069,Berlin,LOC
1398,5071,Berlin,LOC
1399,5072,Gefr,PER
1400,5079,Braunsberg,LOC
1401,5081,Peter,PER
1402,5082,Trine,PER
1403,5083,Trine,PER
1404,5085,Berlin,LOC
1405,5086,Braunsberg,PER
1406,5089,Trine,PER
1407,5090,Braunsberg,LOC
1408,5091,Peter,PER
1409,5094,Braunsberg,PER
1410,5095,Braunsberg,LOC
1411,5096,Skopniks,PER
1412,5101,Berlin,LOC
1413,5104,Kaiser,PER
1414,5112,Schwartz,PER
1415,5120,Schwartz,PER
1416,5125,Gefr,PER
1417,5127,Feldmarschall,LOC
1418,5127,Hindenburg,LOC
1419,5129,J. P. Marsk,PER
1420,5129,Roagger,PER
1421,5129,Hadersleben,LOC
1422,5130,Kolstein,PER
1423,5132,Augustowo Grodno,PER
1424,5133,Kønigsberg,LOC
1425,5133,Braunsberg,LOC
1426,5134,Skopnik,PER
1427,5135,Peter,PER
1428,5139,Schwartz,PER
1429,5139,Laz,PER
1430,5145,Feldmarschall,LOC
1431,5145,Hindenburg,LOC
1432,5148,Magrabowa,LOC
1433,5151,Augustowo,LOC
1434,5152,Peter,PER
1435,5154,Gefr,PER
1436,5156,Feldm,PER
1437,5157,v. Hindenburg,PER
1438,5162,Sf,ORG
1439,5164,Augostowo,PER
1440,5165,Grodno,PER
1441,5166,Peter,PER
1442,5173,Peter,PER
1443,5175,Gefr,PER
1444,5178,Feldm,PER
1445,5185,Augostowo,LOC
1446,5187,Dombrowo,LOC
1447,5187,Grodno,LOC
1448,5190,Peter,PER
1449,5192,Grodno,LOC
1450,5194,Skile,PER
1451,5206,Frankrig,LOC
1452,5206,Frankrig,LOC
1453,5212,Peter,PER
1454,5213,Schwartz,PER
1455,5216,Trine,PER
1456,5217,Trine,PER
1457,5219,Grodno,LOC
1458,5223,Tyskland,LOC
1459,5239,Berlin,LOC
1460,5241,Peter,PER
1461,5249,Oberkommandoen,ORG
1462,5254,Buroet,LOC
1463,5255,Proviant,ORG
1464,5256,Konow,PER
1465,5259,Buroet,LOC
1466,5259,Vilna,LOC
1467,5259,Vilna,PER
1468,5262,Gud,PER
1469,5264,Peter,PER
1470,5275,Wilna,PER
1471,5276,Peter,PER
1472,5284,Peter,PER
1473,5296,Flieger,PER
1474,5307,Peter,PER
1475,5315,Rusland,LOC
1476,5326,Braunsberg,LOC
1477,5332,Wilna,PER
1478,5341,Peter,PER
1479,5344,Konow,PER
1480,5346,Carl Peter,PER
1481,5346,Langgasse,LOC
1482,5346,Cigarengeschaft,ORG
1483,5346,Braunsberg,LOC
1484,5346,Ostpr,LOC
1485,5351,Tannenberg,LOC
1486,5352,Hindenborg,PER
1487,5353,Tannenberg,LOC
1488,5356,Konow,PER
1489,5359,Konow,PER
1490,5361,Leutnant,PER
1491,5364,bamle,PER
1492,5371,Tinglef,LOC
1493,5374,Peter,PER
1494,5381,Braunsberg,LOC
1495,5383,Peter,PER
1496,5391,Trine,PER
1497,5395,Trine,PER
1498,5395,Rusland,LOC
1499,5396,Braunsberg,LOC
1500,5411,Gud,PER
1501,5416,Peter,PER
1502,5419,Braunsberg,PER
1503,5419,Trine,PER
1504,5420,Trine,PER
1505,5427,III Battl,ORG
1506,5429,Trine,PER
1507,5429,Mathias Mygind,PER
1508,5429,Grodno,PER
1509,5431,Altona,LOC
1510,5431,Grodno,LOC
1511,5433,Eriksen,PER
1512,5434,Frankrig,LOC
1513,5435,Tysklands,LOC
1514,5436,Gud,PER
1515,5438,Peter,PER
1516,5477,Braunsberg,LOC
1517,5478,Braunsberg,LOC
1518,5487,Trine,PER
1519,5494,Meiske,PER
1520,5512,Konow,PER
1521,5523,Braunsberg,LOC
1522,5528,Rusland,LOC
1523,5529,Willa Fred,PER
1524,5531,Peter,PER
1525,5533,Trine,PER
1526,5540,V.C.,LOC
1527,5542,Willa Fred,PER
1528,5542,Rusland,LOC
1529,5546,Gefr,ORG
1530,5548,Braunsberg,LOC
1531,5550,Trine,PER
1532,5557,Trine,PER
1533,5558,Ravnhold,PER
1534,5560,Signe,PER
1535,5560,P. Jensen,PER
1536,5568,Sælland,LOC
1537,5569,Jylland,LOC
1538,5573,Danmark,LOC
1539,5575,Iver,PER
1540,5580,tyskland,LOC
1541,5584,Rusland,LOC
1542,5589,Schøn-berg,PER
1543,5603,Gud,PER
1544,5604,Konov,PER
1545,5611,Trine,PER
1546,5613,Trine,PER
1547,5616,Schønberg,LOC
1548,5627,Schønberg,PER
1549,5632,Far's,ORG
1550,5642,saramen,PER
1551,5642,Brauns-berg,LOC
1552,5646,Peter,PER
1553,5652,Hansen,PER
1554,5653,Afenrå,LOC
1555,5661,Peter,PER
1556,5665,Trine,PER
1557,5673,Trine,PER
1558,5675,Konov,PER
1559,5693,Konow,PER
1560,5699,Villa Vinterhistorie,ORG
1561,5702,Dannevirke,LOC
1562,5703,Petersen,PER
1563,5705,Peter,PER
1564,5710,Braunsberg,ORG
1565,5717,Marsk,PER
1566,5720,Garnisonen,ORG
1567,5727,Højskolebladet,ORG
1568,5742,Konov,PER
1569,5743,Hejmdal,PER
1570,5750,Ersatz Batl,LOC
1571,5754,Højskolebladet,ORG
1572,5754,Hejmdal,ORG
1573,5754,Høj,ORG
1574,5774,Højskolebladet,ORG
1575,5775,Konow,PER
1576,5779,Trine,PER
1577,5784,Trine,PER
1578,5792,Trine,PER
1579,5805,Peter,PER
1580,5807,Trine,PER
1581,5818,Kovno,PER
1582,5818,Feldm,PER
1583,5819,Hindenborg,LOC
1584,5823,Trine,PER
1585,5824,Peter,PER
1586,5829,Konov,PER
1587,5842,Peter,PER
1588,5847,II Batl .,LOC
1589,5849,Skopnik,PER
1590,5854,Gud,PER
1591,5855,Peter,PER
1592,5872,Hindenborg,LOC
1593,5873,Petersen,PER
1594,5874,Trine,PER
1595,5879,Hygum,LOC
1596,5883,Trine,PER
1597,5888,Uffe,PER
1598,5895,Peter,PER
1599,5900,Søren J.,PER
1600,5913,Peter,PER
1601,5914,Peter,PER
1602,5915,Trine,PER
1603,5916,Hygum,ORG
1604,5917,Trine,PER
1605,5917,Trine,PER
1606,5924,Gud,PER
1607,5928,Konov,PER
1608,5930,Hejmdal,ORG
1609,5930,Højskolebladet,ORG
1610,5932,Trine,PER
1611,5933,Peter,PER
1612,5944,Petersen,PER
1613,5944,Tinglef,LOC
1614,5950,Konow,PER
1615,5956,Trine,PER
1616,5958,Postvæsenet,ORG
1617,5969,Trine,PER
1618,5969,Signe,PER
1619,5974,Peter,PER
1620,5979,Maria Thøjsen,PER
1621,5979,Sara,PER
1622,5980,Bakkely,PER
1623,5980,H. Jørgen,PER
1624,5997,Gud,PER
1625,6001,Konov,PER
1626,6006,Skopnik,PER
1627,6013,Maren,PER
1628,6040,Konov,PER
1629,6042,Elmshorn,LOC
1630,6043,Balkan,LOC
1631,6050,Konov,PER
1632,6055,Peter,PER
1633,6056,Trine,PER
1634,6061,Gud,PER
1635,6066,Hamborg,LOC
1636,6069,P. Højer,PER
1637,6069,Grethe,PER
1638,6078,Peter,PER
1639,6081,Konov,PER
1640,6081,Konov,PER
1641,6082,M.G.K.,ORG
1642,6095,Konow,PER
1643,6103,Peter,PER
1644,6113,Trine,PER
1645,6115,Peter,PER
1646,6116,Peter Petersen,PER
1647,6124,Peter,PER
1648,6125,Ålen,PER
1649,6131,Trine,PER
1650,6133,Korap,LOC
1651,6139,Trine,PER
1652,6145,Ablings,ORG
1653,6145,Skærbæk,LOC
1654,6147,Hejmdal,PER
1655,6152,T.,PER
1656,6153,Konov,PER
1657,6153,Rendsborg,LOC
1658,6160,Heini,PER
1659,6160,Rendsborg,LOC
1660,6160,Peter,PER
1661,6161,Konov,PER
1662,6164,Konov,PER
1663,6169,Trine,PER
1664,6172,Skopnik,PER
1665,6176,Peter Petersen,PER
1666,6177,Berlin,LOC
1667,6177,Thorn,LOC
1668,6181,N. Kjær,PER
1669,6181,Søren Jensen,PER
1670,6184,Peter,PER
1671,6192,Kusk,PER
1672,6195,N. Kjær,PER
1673,6195,Søren Jensen,PER
1674,6196,Peter,PER
1675,6198,Haderslev,LOC
1676,6198,Haderslev,LOC
1677,6198,Flensborg,LOC
1678,6201,Altona,LOC
1679,6206,fr.,PER
1680,6213,Vodder,LOC
1681,6216,Braunsberg,LOC
1682,6218,Feldveblen,PER
1683,6222,Kovno,PER
1684,6222,Schwartz,PER
1685,6222,Kovno,PER
1686,6223,Braunsberg,LOC
1687,6226,Hamborg,LOC
1688,6226,Peter,PER
1689,6229,Hamborg,LOC
1690,6234,P. Barsballe,ORG
1691,6234,L. Johansen,PER
1692,6237,Vallekilde,ORG
1693,6239,Fyn,LOC
1694,6239,H.sk.bladet,ORG
1695,6240,Oberstleutn,PER
1696,6243,Hauptm,PER
1697,6247,Konov,PER
1698,6249,Hauptm,PER
1699,6252,Peter,PER
1700,6257,Hejmdal,ORG
1701,6257,Højskolebladet,ORG
1702,6270,Madsen,PER
1703,6270,Tønder,LOC
1704,6272,Peter,PER
1705,6275,Konov,PER
1706,6275,Adj. Obleutn,PER
1707,6278,Buroet,LOC
1708,6279,N. Skov,PER
1709,6279,Vesterbæk,LOC
1710,6280,Buroet,LOC
1711,6280,Niels,PER
1712,6282,Tyskland,LOC
1713,6283,udlov,LOC
1714,6285,Niels,PER
1715,6287,Petersen,PER
1716,6289,Peter,PER
1717,6291,Gefr,ORG
1718,6293,Hindenburg,LOC
1719,6297,portofrei,LOC
1720,6299,Holstein,LOC
1721,6303,Line,PER
1722,6303,Døstrup,LOC
1723,6304,Thomas Nielsen,PER
1724,6304,Schwartz,PER
1725,6304,Uffe,PER
1726,6305,Uffe,PER
1727,6307,Talglys,LOC
1728,6309,Thomas,PER
1729,6313,Buroet,LOC
1730,6313,Konov,PER
1731,6314,Konov,PER
1732,6316,Peter,PER
1733,6324,Batl .,LOC
1734,6328,Montenegro,LOC
1735,6329,Frankrig,LOC
1736,6331,Gallipoli,LOC
1737,6331,Dardanellerne,LOC
1738,6331,Frankrig,LOC
1739,6332,Gud,PER
1740,6333,Konov,PER
1741,6335,Peter,PER
1742,6339,Montenegro,LOC
1743,6347,Peter,PER
1744,6348,Trine,PER
1745,6348,Ravsted,LOC
1746,6351,Peter,PER
1747,6356,Tyskland,LOC
1748,6358,Feldvebel,PER
1749,6360,Madsen,PER
1750,6360,Tønder,LOC
1751,6361,hans Hauptm,PER
1752,6362,Hauptm,PER
1753,6363,Thelegram,PER
1754,6365,Trine,PER
1755,6365,Hejsel,LOC
1756,6365,Peter J.,PER
1757,6370,Peter,PER
1758,6381,Konow,PER
1759,6382,Peter,PER
1760,6384,Insterburg,LOC
1761,6384,Bromberg,LOC
1762,6395,Georg Stilke,PER
1763,6395,Berlin NW,LOC
1764,6404,Stab v. Hindenburg,PER
1765,6407,Trine,PER
1766,6410,Peter,PER
1767,6415,von Fritz Hass,PER
1768,6415,Wartenburg,LOC
1769,6416,Georg Stilke,PER
1770,6416,Berlin,LOC
1771,6420,Trine,PER
1772,6420,H. Lassen,PER
1773,6422,Tyskland,LOC
1774,6422,Feldlaz,LOC
1775,6424,Konov,PER
1776,6425,Niels,PER
1777,6428,P. Barsballe,PER
1778,6436,Konov,PER
1779,6436,Peter,PER
1780,6438,Buroet,LOC
1781,6439,Peter,PER
1782,6441,Trine,PER
1783,6450,Hejsel,LOC
1784,6452,Tønder,LOC
1785,6454,Tønder,LOC
1786,6455,Bromberg,LOC
1787,6455,Peter Barsballe,PER
1788,6457,Peter,PER
1789,6463,N. Skau,PER
1790,6469,Buroet,LOC
1791,6474,Niels,PER
1792,6476,Buroet,LOC
1793,6478,Birkelev,LOC
1794,6482,Borovikiski,PER
1795,6484,Heide,ORG
1796,6492,L. Johansen,PER
1797,6495,Jena,LOC
1798,6496,Feldvebel,PER
1799,6496,Konov,PER
1800,6498,Gefr,ORG
1801,6503,Marsk,PER
1802,6509,Buroet,LOC
1803,6510,Marsk,PER
1804,6513,Peter,PER
1805,6518,Konov's,PER
1806,6520,Konov,PER
1807,6521,Fyn,LOC
1808,6522,Nyborg,LOC
1809,6524,H. Jørgen,PER
1810,6525,Bakkely,PER
1811,6527,Uffe,PER
1812,6529,Elsass,LOC
1813,6532,Peter,PER
1814,6541,Danmark,LOC
1815,6544,S.,ORG
1816,6546,Oles,PER
1817,6546,N. Beck,PER
1818,6550,Peter,PER
1819,6554,Konov,PER
1820,6559,Bromberg,LOC
1821,6559,Bromberg,LOC
1822,6559,Eydtkunen,LOC
1823,6562,Konov,PER
1824,6563,Buroet,LOC
1825,6565,Peter,PER
1826,6572,Petersen,PER
1827,6573,Ostpr,ORG
1828,6589,Konov,PER
1829,6594,Buroet,LOC
1830,6602,Komp,ORG
1831,6610,Peter,PER
1832,6625,Niels,PER
1833,6629,Peter,PER
1834,6636,Schleswig-Holsten,LOC
1835,6639,Hindenburg,LOC
1836,6640,Trine,PER
1837,6643,Peter,PER
1838,6643,Uffe,PER
1839,6646,Niels,PER
1840,6648,Maren Hansen,PER
1841,6651,Vallekilde,LOC
1842,6661,Berlin NW,LOC
1843,6663,Kriegsphotograph,PER
1844,6669,Hamborg,LOC
1845,6669,Berlin,LOC
1846,6669,Hamborg,LOC
1847,6669,Eydtkuhnen,LOC
1848,6670,Rusland,LOC
1849,6672,Jelovka,LOC
1850,6672,Komp.s,ORG
1851,6675,Steinse,PER
1852,6682,Tyskland,LOC
1853,6684,Oberleutn,LOC
1854,6685,M.,PER
1855,6686,Konow,PER
1856,6697,Fyn,LOC
1857,6702,Konov,PER
1858,6703,Peter,PER
1859,6710,Konov,PER
1860,6710,Berlin,LOC
1861,6715,Peter,PER
1862,6725,Højer Sluse,LOC
1863,6727,Konov,PER
1864,6735,Eg,PER
1865,6736,Konovs,PER
1866,6746,Konov,PER
1867,6752,Batl,ORG
1868,6761,Niels Skau,PER
1869,6764,Hamborg,LOC
1870,6769,Kovno,LOC
1871,6769,Hindenborgs Jubileum sanmen,LOC
1872,6776,Konov,PER
1873,6778,Grense,LOC
1874,6780,Konov,PER
1875,6783,Konov,PER
1876,6785,Hamborg,LOC
1877,6788,Keks,PER
1878,6792,Konov,PER
1879,6800,Jørgen,PER
1880,6802,Konov,PER
1881,6805,Hamborg,LOC
1882,6807,Jørn,PER
1883,6807,Konov,PER
1884,6809,Konov,PER
1885,6812,Konov,PER
1886,6815,Braunsberg,LOC
1887,6816,Braunsberg,PER
1888,6824,Konov,PER
1889,6826,N. Skau,PER
1890,6827,III Batl,ORG
1891,6829,Als,LOC
1892,6830,III Batl,ORG
1893,6831,Maren,PER
1894,6835,Henningsen,PER
1895,6836,Niels Kjær Gånsager,PER
1896,6845,Konov,PER
1897,6850,udlov,LOC
1898,6859,Steinse,LOC
1899,6861,Hansen,PER
1900,6861,Skærbæk,LOC
1901,6863,Georg Petersens,PER
1902,6864,Niels Skau,PER
1903,6865,Madsen,PER
1904,6865,Trine,PER
1905,6865,Tønder,LOC
1906,6865,Tønder,LOC
1907,6879,Konov,PER
1908,6883,Konov,PER
1909,6887,Skærbæk,LOC
1910,6889,Tønder,LOC
1911,6889,Trine,PER
1912,6899,acord,ORG
1913,6904,Peter,PER
1914,6906,N. Kjær,PER
1915,6907,Niels,PER
1916,6907,N.,PER
1917,6909,Konov,PER
1918,6910,Peter,PER
1919,6911,Trine,PER
1920,6921,Peter,PER
1921,6925,Konov,PER
1922,6948,N.Skau,PER
1923,6957,Maren,PER
1924,6957,Sine,PER
1925,6957,Olga,PER
1926,6957,Spetakkel,PER
1927,6958,Jes,PER
1928,6959,Andreas,PER
1929,6959,Frederik Lunds,PER
1930,6959,Bestemor,PER
1931,6962,Jens Busks,PER
1932,6969,Johansen,PER
1933,6971,Mærsk,PER
1934,6971,Ole Jessen,PER
1935,6973,Barsballe,LOC
1936,6983,Trine,PER
1937,6989,Konov,PER
1938,6989,Frits,PER
1939,7005,Trine,PER
1940,7005,Signe,PER
1941,7011,Konovs,PER
1942,7013,Ersatz Batl,ORG
1943,7015,Nordslesvig,LOC
1944,7025,Peter,PER
1945,7034,Fyn,LOC
1946,7042,Konov,PER
1947,7048,Werther,PER
1948,7048,Marsk,PER
1949,7055,Konow,PER
1950,7056,Wilhelm Konow,PER
1951,7056,PM's,ORG
1952,7063,Fyn,LOC
1953,7069,Uffe,PER
1954,7071,Trine,PER
1955,7071,Signe,PER
1956,7071,Thorvald,PER
1957,7075,Peter,PER
1958,7079,Konovs,PER
1959,7085,Leutn,PER
1960,7091,Guds,PER
1961,7093,Trine,PER
1962,7095,Fritz Schwartz,PER
1963,7095,Holland,LOC
1964,7095,Braunsberg,LOC
1965,7096,San,PER
1966,7113,Konov,PER
1967,7133,Peter Marsk,PER
1968,7133,Petersen,PER
1969,7133,Luvrup,LOC
1970,7136,Varschau,LOC
1971,7143,Laurids Lund,PER
1972,7148,Peter,PER
1973,7155,Petersen,PER
1974,7156,Tyskland,LOC
1975,7157,Peter,PER
1976,7160,Feldlaz,LOC
1977,7161,Madsen,PER
1978,7164,Trine,PER
1979,7167,P. Petersen,PER
1980,7169,Peter,PER
1981,7170,Petersen,PER
1982,7176,Roagger Sogn,LOC
1983,7179,Peter,PER
1984,7182,Konov,PER
1985,7187,Novo Aleksandrov,LOC
1986,7187,Utschany,LOC
1987,7187,Swenschany,LOC
1988,7194,Peter,PER
1989,7195,Konov,PER
1990,7196,Trine,PER
1991,7197,P.,PER
1992,7206,Holst,PER
1993,7214,Førde-banen,LOC
1994,7214,Novo Aleksandrov,LOC
1995,7216,A.O.K.,ORG
1996,7216,Officers Kasinoen,LOC
1997,7219,Ponewietz,LOC
1998,7221,Jelovka,LOC
1999,7222,Jelovka,LOC
2000,7222,Jelovka,LOC
2001,7225,Konov,PER
2002,7225,Leutn,PER
2003,7231,P. Varming,PER
2004,7231,Gånsager,LOC
2005,7232,Trine,PER
2006,7238,Jørn,PER
2007,7240,Grete,PER
2008,7241,Fritz Schwartz,PER
2009,7242,E. Skopnik,PER
2010,7246,Braunsberg,PER
2011,7248,Jelovka,LOC
2012,7248,Weissensee,LOC
2013,7248,Georg Petersens Grav,PER
2014,7249,Anna Petersen,PER
2015,7254,Keks,PER
2016,7258,Thomas,PER
2017,7260,Thomas,PER
2018,7268,Novo Aleksandrov,LOC
2019,7269,Skibelund,LOC
2020,7269,Uffe,PER
2021,7269,P. Varming,PER
2022,7269,Skibelund,LOC
2023,7273,Ole Jensen,PER
2024,7274,Maren,PER
2025,7275,Ole,PER
2026,7277,Tyskland,LOC
2027,7282,Madsen,PER
2028,7283,Hans Hansens,PER
2029,7283,Ullerup,LOC
2030,7286,Trine,PER
2031,7296,Aleksandrov,LOC
2032,7298,Aleksandrov,LOC
2033,7298,Berlin,LOC
2034,7300,Soldaterhjemmet,LOC
2035,7300,Braunsberg,LOC
2036,7301,Lankars,PER
2037,7308,Tyskland,LOC
2038,7311,Konov,PER
2039,7311,Konov sine,PER
2040,7314,Ponovitz,ORG
2041,7328,Uffe,PER
2042,7331,Konov,PER
2043,7335,Trine,PER
2044,7345,Maren Jessen,PER
2045,7345,Ole,PER
2046,7347,Ole,PER
2047,7349,Niels Kjær,PER
2048,7353,Peter,PER
2049,7357,Maren,PER
2050,7357,Østerobling,LOC
2051,7372,Scholtz,PER
2052,7374,Uzjany,PER
2053,7374,Poniewitz,LOC
2054,7378,A.O.K.,PER
2055,7382,Leutn,PER
2056,7385,Trine,PER
2057,7388,Laurids Lund,PER
2058,7388,Peter,PER
2059,7388,Åbenrå,ORG
2060,7393,Uffe,PER
2061,7398,Peter,PER
2062,7407,Niels Skau,PER
2063,7411,Laurids Lund,PER
2064,7415,Konov,PER
2065,7417,Doris Jepsen,PER
2066,7420,Trine,PER
2067,7426,Jelovka,LOC
2068,7439,Trine,PER
2069,7439,Peter,PER
2070,7445,Peter,PER
2071,7454,Jelovka,LOC
2072,7456,Konov,PER
2073,7459,Ordonanser,LOC
2074,7466,Konov,PER
2075,7468,Märsk,PER
2076,7477,Konov,PER
2077,7481,Hejmdal,ORG
2078,7481,Nordsøen,LOC
2079,7482,Danmark,LOC
2080,7492,Komp,ORG
2081,7494,Johanne Bejer,PER
2082,7494,Mecklenborg,LOC
2083,7495,Kjesten Riber,PER
2084,7496,Fritz,PER
2085,7496,Johannesborg,LOC
2086,7505,Niels Skau,PER
2087,7514,Niels Kjær,PER
2088,7519,Konov,PER
2089,7521,Kitscheners,PER
2090,7523,England,LOC
2091,7525,England,LOC
2092,7534,Märsk,PER
2093,7541,Hindenborgs,PER
2094,7542,Hindenborgs,PER
2095,7543,Gud,PER
2096,7548,Uffe,PER
2097,7550,Konov,PER
2098,7551,Gud,PER
2099,7551,Trine,PER
2100,7557,Trine,PER
2101,7558,P.,PER
2102,7568,Holst,PER
2103,7574,Georg Stilke,PER
2104,7574,Berlin NW,LOC
2105,7575,Berlin,LOC
2106,7586,Russerne,LOC
2107,7587,kanske,PER
2108,7590,Trine,PER
2109,7599,Sandbjærg,LOC
2110,7599,P. Højer,LOC
2111,7605,Niels Skau,PER
2112,7613,Konov,PER
2113,7613,Konov,PER
2114,7613,Peter,PER
2115,7618,Konov,PER
2116,7620,Leutn,PER
2117,7622,P. Maler,PER
2118,7624,P. Maler,PER
2119,7624,Søren,PER
2120,7646,Bromberg,PER
2121,7646,Märsk,PER
2122,7646,sjøv,PER
2123,7647,Gefr,PER
2124,7652,Märsk,PER
2125,7652,Bromberg,PER
2126,7663,Tyskland,LOC
2127,7666,Peter,PER
2128,7676,Laz,LOC
2129,7682,Peter,PER
2130,7683,Gud,PER
2131,7690,England,LOC
2132,7692,Feldpoststation,LOC
2133,7696,Holst,PER
2134,7707,Georg Petersen,PER
2135,7712,Fyn,LOC
2136,7715,Konov,PER
2137,7715,Konov,PER
2138,7721,Trine,PER
2139,7722,ny kvarter,LOC
2140,7724,Ponnevittz,PER
2141,7728,Borovikischki,PER
2142,7730,Rautensee,LOC
2143,7740,Fyns,LOC
2144,7754,Peter,PER
2145,7756,Marsk,LOC
2146,7759,Holst,PER
2147,7760,Poniewiez,PER
2148,7777,Peter,PER
2149,7783,Konov,PER
2150,7793,K.,PER
2151,7798,Unteroffz,ORG
2152,7799,Lange,PER
2153,7800,Major,PER
2154,7807,Borris,LOC
2155,7807,Bredebro,LOC
2156,7821,Tyskland,LOC
2157,7822,Dau Hagenbæg,PER
2158,7822,Thorvald,PER
2159,7823,Tyrol,LOC
2160,7823,Laz,LOC
2161,7825,Henningsen,PER
2162,7825,Hamborg,LOC
2163,7826,Hamborg,LOC
2164,7828,Berlin,LOC
2165,7829,Berlin,LOC
2166,7838,Hans Nissen,PER
2167,7838,Verdun,PER
2168,7842,Peter,PER
2169,7843,Trine,PER
2170,7847,Petersen,PER
2171,7863,Peter,PER
2172,7865,Gefr,ORG
2173,7869,Flieger,PER
2174,7878,Braunsberg,LOC
2175,7883,Tønder Banegård,LOC
2176,7884,Thelegram,ORG
2177,7885,Peter,PER
2178,7895,Trine,PER
2179,7896,Berlin,LOC
2180,7897,Hamborg,LOC
2181,7904,Trine,PER
2182,7906,Hamborg,LOC
2183,7907,Tønder,LOC
2184,7907,Elms-horn,LOC
2185,7908,Hamborg,LOC
2186,7909,Harkau,LOC
2187,7910,Berlin,LOC
2188,7912,Konov,PER
2189,7918,Konov,PER
2190,7922,Leutn,PER
2191,7922,Konov,PER
2192,7938,Konov Depot,ORG
2193,7939,Regt,ORG
2194,7943,Peter,PER
2195,7945,Peter,PER
2196,7949,Uffe,PER
2197,7949,Iver,PER
2198,7954,Skærbæk,LOC
2199,7971,Trine,PER
2200,7971,Skærbæk,LOC
2201,7975,Gud,PER
2202,7979,Trine,PER
2203,7983,Konov,PER
2204,7985,Konov,PER
2205,7989,Konov,PER
2206,7994,Skærbæk,LOC
2207,7998,Anders Enkjær,PER
2208,8001,Trine,PER
2209,8016,Peter,PER
2210,8025,Peter,PER
2211,8027,Peter,PER
2212,8038,Konov,PER
2213,8043,Uffes,PER
2214,8044,Uffe,PER
2215,8061,Regt,PER
2216,8065,Uffe,PER
2217,8065,Trine,PER
2218,8068,Konov,PER
2219,8069,Trine,PER
2220,8071,Konov,PER
2221,8075,Madsen,PER
2222,8084,Konov,PER
2223,8088,Ludvig Skomager,PER
2224,8092,Konov,PER
2225,8096,Signes,PER
2226,8096,hendes,PER
2227,8102,Vester Engene,LOC
2228,8102,Ravnhold,PER
2229,8107,Skærbæk,LOC
2230,8107,Signe,PER
2231,8113,Trine,PER
2232,8114,Trine,PER
2233,8120,Åbling,LOC
2234,8121,lee,PER
2235,8134,Peter,PER
2236,8145,Gud,PER
2237,8149,Elsass,LOC
2238,8152,Danmark,LOC
2239,8162,Konow,PER
2240,8165,Konov,PER
2241,8174,Uffe,PER
2242,8178,Vallekilde,LOC
2243,8182,Uffe,PER
2244,8183,Peter,PER
2245,8184,Signe,PER
2246,8185,Marjanowka,PER
2247,8187,Goldmann,PER
2248,8190,Emil Bentsch,PER
2249,8192,Konow,PER
2250,8195,Bromberg,PER
2251,8199,Tyskland,LOC
2252,8200,Regt,ORG
2253,8201,Bromberg,LOC
2254,8201,Regt,PER
2255,8206,Peter,PER
2256,8210,Peter,PER
2257,8211,Trine,PER
2258,8216,Holst,PER
2259,8223,Hannover,LOC
2260,8228,Røde Kors,LOC
2261,8230,Konov,PER
2262,8243,Regt,PER
2263,8249,Frankfurt,LOC
2264,8250,Røde Kors,ORG
2265,8254,Regt,ORG
2266,8259,Regt,PER
2267,8261,P.H. Bejer,PER
2268,8261,Strassburg,LOC
2269,8264,Rusland,LOC
2270,8267,Rentsch,PER
2271,8269,Peter,PER
2272,8279,Frankfurt,LOC
2273,8280,Røde Kors,ORG
2274,8301,Marjanovka,LOC
2275,8304,Peter,PER
2276,8311,Konov hænter,PER
2277,8315,Peter,PER
2278,8319,Bentsch,PER
2279,8320,Rusland,LOC
2280,8327,M.,ORG
2281,8330,Konov,PER
2282,8340,Preiburg,LOC
2283,8341,Rhinen,LOC
2284,8341,Col-mar,LOC
2285,8342,Colmar,LOC
2286,8358,Julemanden,PER
2287,8359,Peter,PER
2288,8365,Konow,PER
2289,8368,Konow,PER
2290,8370,Konow,PER
2291,8404,Ludvig,PER
2292,8408,Konow,PER
2293,8414,Obl. Grabovski,PER
2294,8415,Major Rrause,PER
2295,8415,Regt,ORG
2296,8418,L.D.K. Siebert,PER
2297,8420,Peter,PER
2298,8421,Trine,PER
2299,8429,Konov,PER
2300,8443,K.,PER
2301,8444,Gud,PER
2302,8445,Peter,PER
2303,8447,Hamborg,LOC
2304,8448,Isenheim,LOC
2305,8448,Ensisheim,LOC
2306,8450,M.,PER
2307,8450,Mülhausen,LOC
2308,8458,Søren Møller,PER
2309,8461,Søren,PER
2310,8464,Rusland,LOC
2311,8466,Russerne,LOC
2312,8466,Marjanovka,LOC
2313,8466,Steinse,LOC
2314,8466,Jelovka,LOC
2315,8468,Hamborg,LOC
2316,8469,Ensisheim,LOC
2317,8472,Mühlhausen,PER
2318,8476,Konov,PER
2319,8481,Hannover,LOC
2320,8482,Jan.,LOC
2321,8490,M. Skau Semmested,ORG
2322,8494,Peter,PER
2323,8501,Regt,PER
2324,8506,Skibelund,LOC
2325,8507,Laz,LOC
2326,8524,Konov,PER
2327,8524,Feldveblens,PER
2328,8530,Ensisheim,LOC
2329,8530,Isenheim,LOC
2330,8531,Ensisheim,LOC
2331,8533,Isenheim,LOC
2332,8534,Isenheim,LOC
2333,8538,Miihlhausen,PER
2334,8539,Bollweiler Isenheim,LOC
2335,8542,Rusland,LOC
2336,8545,Isenheim,PER
2337,8548,Ensisheim,LOC
2338,8549,Isenheim,LOC
2339,8557,Pulversheim Schonheim,LOC
2340,8557,Bollweiler,LOC
2341,8561,Peter,PER
2342,8565,Signe,PER
2343,8567,Signe,PER
2344,8573,Konov,PER
2345,8578,Ensisheim,LOC
2346,8579,E.,LOC
2347,8579,Waldighofen,LOC
2348,8582,Schweitzen,LOC
2349,8583,M.,PER
2350,8595,Ensisheim,LOC
2351,8595,Byro-Per-sonalet,ORG
2352,8596,Isenheim,LOC
2353,8604,Pulversheim Schonheim,LOC
2354,8604,Bollweiler,LOC
2355,8605,heim,ORG
2356,8605,Rusland,LOC
2357,8606,Westen,LOC
2358,8606,Rusland,LOC
2359,8610,Konov,PER
2360,8613,Peter,PER
2361,8617,Uffe,PER
2362,8621,Uffe,PER
2363,8622,Leutn,PER
2364,8623,Batl,ORG
2365,8627,Trine Gad Roagger,PER
2366,8637,Søren Møller,PER
2367,8639,Uffe,PER
2368,8639,hans Leutn,PER
2369,8642,Peter,PER
2370,8645,Konov,PER
2371,8652,Rusland,LOC
2372,8653,Byroet,LOC
2373,8658,Bromberg,PER
2374,8660,Bromberg,PER
2375,8668,Peter,PER
2376,8678,Bromberg,PER
2377,8678,Major,PER
2378,8680,Berlin,LOC
2379,8692,Asmus Rahr,PER
2380,8698,Byro,PER
2381,8699,Rønn,PER
2382,8713,Signe,PER
2383,8713,Asmus,PER
2384,8715,Asmus,PER
2385,8715,Asmus,PER
2386,8716,Signe,PER
2387,8717,P.G.,PER
2388,8726,Asmus Rahr,PER
2389,8729,Ensisheim,LOC
2390,8729,Mühlhausen,LOC
2391,8729,Waldighofen,LOC
2392,8732,Feldburg,LOC
2393,8739,Offiz,PER
2394,8747,Marjanovka,PER
2395,8762,J.M.,PER
2396,8763,Konov,PER
2397,8772,Rønne,PER
2398,8776,Pfist,LOC
2399,8777,Hans Nissen,PER
2400,8778,Thorvald Daus Feldbrev,PER
2401,8778,Hejmdal,LOC
2402,8779,Hejmdal,PER
2403,8787,Eriksen,PER
2404,8798,Trine,PER
2405,8804,Iver,PER
2406,8809,Uffe,PER
2407,8815,Peter,PER
2408,8817,Signe,PER
2409,8829,Peter,PER
2410,8829,Jens,PER
2411,8829,Peter,PER
2412,8830,H. Lassen,PER
2413,8833,Gud,PER
2414,8836,Frits Bejer,PER
2415,8844,Mühlhausen,PER
2416,8849,Bakkely,LOC
2417,8853,Trine,PER
2418,8854,Uffe,PER
2419,8855,Guds,PER
2420,8862,Marsk,PER
2421,8868,Ludvig Johansen,PER
2422,8871,Frankfurt a / m Erfurt Halle,LOC
2423,8872,Regt,PER
2424,8874,Frankfurt a / m,ORG
2425,8876,Weimar,LOC
2426,8881,Halle,LOC
2427,8881,Hauptra,PER
2428,8887,Magdeborg,LOC
2429,8887,Stendal,LOC
2430,8887,Leutn,PER
2431,8889,Feldburg,LOC
2432,8892,Magdeburgergaden,LOC
2433,8897,Stendal,LOC
2434,8897,Rittergodset,LOC
2435,8898,Stendal,PER
2436,8899,Peter,PER
2437,8903,Dortmont,ORG
2438,8903,Frankfurt a / M.,ORG
2439,8906,Peter,PER
2440,8917,Stendal,LOC
2441,8919,Hannover Cøln,LOC
2442,8919,Regt,ORG
2443,8927,Hannover,LOC
2444,8927,Frank furt,LOC
2445,8930,Trier,LOC
2446,8930,Heidelberg,LOC
2447,8930,Karlsruhe,LOC
2448,8930,Strass-borg,LOC
2449,8932,Strass-borg,LOC
2450,8932,Mühlhausen,PER
2451,8934,Waldighofen,LOC
2452,8935,Regt,PER
2453,8950,Peter,PER
2454,8959,Trine,PER
2455,8961,Søren Møller,PER
2456,8985,Trine,PER
2457,8985,Peter,PER
2458,8985,Trine,PER
2459,8987,Peter,PER
2460,8989,H. Nissen,PER
2461,8989,Uffe,PER
2462,8989,Trine,PER
2463,8998,Rønne,PER
2464,9001,Søren Møller,PER
2465,9006,Ru,ORG
2466,9010,Søren,PER
2467,9013,Søren,PER
2468,9013,P. Varming,PER
2469,9018,Peter,PER
2470,9025,Peter,PER
2471,9026,Guds,PER
2472,9031,Hamborg,LOC
2473,9049,Amerika,LOC
2474,9056,Trine,PER
2475,9057,Hamborg,LOC
2476,9059,Jetzow,LOC
2477,9059,Skærnewitze,LOC
2478,9063,Halle,PER
2479,9066,v. Hindenborg,PER
2480,9077,Feldv,PER
2481,9084,Peter,PER
2482,9091,Rusland,LOC
2483,9094,Peter,PER
2484,9100,Jetzow,PER
2485,9102,Sanitåter,PER
2486,9104,Lodz,LOC
2487,9105,Halle,PER
2488,9109,Frankfurt,LOC
2489,9109,Werben,PER
2490,9109,Wittenberg,LOC
2491,9110,Hamborg,LOC
2492,9112,Hamborg,LOC
2493,9117,Hamborg Hovedbanegård,LOC
2494,9118,Hamborg,LOC
2495,9123,Hamborg,LOC
2496,9123,Peter,PER
2497,9124,Abling,PER
2498,9124,Peter,PER
2499,9124,Hamborg,LOC
2500,9131,Hamborg,LOC
2501,9134,Peter,PER
2502,9139,Trine,PER
2503,9139,Peter,PER
2504,9140,P. Varming,PER
2505,9140,Amalie,PER
2506,9140,Amalie,PER
2507,9145,Maren Johansen,PER
2508,9145,Trine,PER
2509,9148,Peter,PER
2510,9155,Hamborg,LOC
2511,9156,Trine,PER
2512,9162,Konov,PER
2513,9166,Erna Bøjen,PER
2514,9168,Oberleutn,PER
2515,9181,Signe,PER
2516,9181,Trine,PER
2517,9185,Skærbæk,LOC
2518,9200,Peter,PER
2519,9208,Signe,PER
2520,9208,Asmus Rahr,PER
2521,9208,Signe,PER
2522,9214,Asmus,PER
2523,9219,j eg,PER
2524,9220,P. Gads,PER
2525,9231,Margrete Rahr,PER
2526,9231,Marie Rahr,PER
2527,9231,Maria,PER
2528,9235,Maria,PER
2529,9238,Maria,PER
2530,9239,Trine,PER
2531,9240,Trine,PER
2532,9241,Peter,PER
2533,9242,Trine,PER
2534,9244,R.,PER
2535,9250,Åbling,LOC
2536,9250,Hamborg,LOC
2537,9251,Berlin,LOC
2538,9252,Tønder,LOC
2539,9252,Peter,PER
2540,9252,Hamborg,LOC
2541,9259,Peter,PER
2542,9270,Ponnejevitz,ORG
2543,9270,M.,ORG
2544,9270,Batl,ORG
2545,9271,Peter,PER
2546,9274,Peter,PER
2547,9274,Konov,PER
2548,9274,Feldv,ORG
2549,9280,Majhof Stamp,PER
2550,9281,Bromberg,PER
2551,9284,Trine,PER
2552,9285,Konov,PER
2553,9287,Bromberg,LOC
2554,9288,Konovs,PER
2555,9297,Rusland,LOC
2556,9302,Jes Mærsk,PER
2557,9312,Skærbæk,LOC
2558,9312,Hamborg,LOC
2559,9312,Hamborg,LOC
2560,9314,Hamborg Hovedbanegård,LOC
2561,9324,Søren Møller,PER
2562,9324,M.,ORG
2563,9329,Bromberg,PER
2564,9330,Rusland,LOC
2565,9352,Konov,PER
2566,9355,Fritz Schwarz,PER
2567,9356,Peter,PER
2568,9361,Müllhausen,LOC
2569,9362,Thelegram,PER
2570,9367,Peter,PER
2571,9369,Spandau,LOC
2572,9369,Bromberg an,LOC
2573,9370,Hamborg,LOC
2574,9371,Berlin,LOC
2575,9371,Spandau,LOC
2576,9373,Vittenberge,LOC
2577,9394,Berlin,LOC
2578,9394,Spandau,LOC
2579,9394,Bromberg,LOC
2580,9396,Berlin,LOC
2581,9397,Märsk,LOC
2582,9403,Peter,PER
2583,9406,j eg,PER
2584,9413,Peter,PER
2585,9414,Trinelil,PER
2586,9415,Schwerin,LOC
2587,9417,Bromberg,PER
2588,9417,Bromberg,PER
2589,9418,Bromberg,PER
2590,9420,lee,PER
2591,9421,Konov,PER
2592,9431,Trinelil,PER
2593,9440,Skibelund,LOC
2594,9441,Gram skov,LOC
2595,9449,Peter,PER
2596,9450,Peter,PER
2597,9451,Trinelil,PER
2598,9453,Mülhausen,LOC
2599,9458,Bromberg,PER
2600,9458,Theatret,LOC
2601,9459,Ribe,LOC
2602,9462,Konov,PER
2603,9467,Peter,PER
2604,9471,Hamborger Post,ORG
2605,9477,Musse,PER
2606,9498,Trine,PER
2607,9501,Peter,PER
2608,9505,Arras,ORG
2609,9510,Trine,PER
2610,9514,hænter Post,PER
2611,9515,Rusland,LOC
2612,9517,Konov,PER
2613,9518,Konov,PER
2614,9528,lange,PER
2615,9528,Peter,PER
2616,9529,Trinelil,PER
2617,9531,Hamborg,LOC
2618,9533,Hamborg,LOC
2619,9534,Frankfurt a / M,LOC
2620,9534,Cøln,LOC
2621,9534,München-Glatbach,LOC
2622,9537,Frankfurt,LOC
2623,9543,Georg,PER
2624,9557,München,LOC
2625,9557,Frankfurt a / M.,LOC
2626,9557,Glatbach,LOC
2627,9559,Frankfurt,LOC
2628,9561,Stendal,LOC
2629,9587,Besitz,PER
2630,9587,Goethe,PER
2631,9587,Geburtshaus,PER
2632,9592,Schillergaden No .,LOC
2633,9595,Caffe,ORG
2634,9599,langer,PER
2635,9606,Frankfurt,LOC
2636,9623,Schillergaden No 111,LOC
2637,9629,Bismarckpladsen,LOC
2638,9633,kanske,PER
2639,9635,Regt,LOC
2640,9644,Peter,PER
2641,9659,II Batl,ORG
2642,9680,Rendsburg,LOC
2643,9696,Frankrig,LOC
2644,9702,Konow,PER
2645,9706,München Glattbach,LOC
2646,9709,Madsen,PER
2647,9709,Kloster,LOC
2648,9711,Konov,PER
2649,9716,Bromberg,PER
2650,9723,Konov,PER
2651,9724,Rusland,LOC
2652,9726,Major,PER
2653,9735,Konov,PER
2654,9738,Bryggehuset,LOC
2655,9739,Konov,PER
2656,9740,J. Barsballe,PER
2657,9742,Arras,LOC
2658,9748,Feldv,PER
2659,9751,Madsen,PER
2660,9754,M.,ORG
2661,9758,Heeresberetningen,PER
2662,9759,Peter,PER
2663,9759,Jens,PER
2664,9762,Sine Kjær,PER
2665,9762,Niels,PER
2666,9766,Caffe,ORG
2667,9770,M.,ORG
2668,9781,Peter,PER
2669,9795,Rusland,LOC
2670,9795,Tyskland,LOC
2671,9796,Hans Nissen,PER
2672,9796,Østen,LOC
2673,9798,Rusland,LOC
2674,9802,Trine,PER
2675,9805,Trine,PER
2676,9818,Peterlil,PER
2677,9820,Blyandt,PER
2678,9825,Peter,PER
2679,9832,Hejdelberg,PER
2680,9837,Peter,PER
2681,9847,Trine,PER
2682,9850,Peter,PER
2683,9869,Ilse,PER
2684,9870,Hindenburg,LOC
2685,9873,Peter,PER
2686,9879,Mühlhausen,LOC
2687,9883,Trine,PER
2688,9885,Carl Clasen,PER
2689,9885,Marne,LOC
2690,9885,S.,ORG
2691,9898,Uffe,PER
2692,9901,Bakkely,PER
2693,9905,Marsk,PER
2694,9905,Konov,PER
2695,9912,Konov,PER
2696,9919,Haderslev,LOC
2697,9926,Peter,PER
2698,9936,Konov,PER
2699,9936,Peter,PER
2700,9937,Feldv,PER
2701,9938,Trine,PER
2702,9940,Trine,PER
2703,9944,M.Glatbach,PER
2704,9949,Gud,PER
2705,9951,Gefr,ORG
2706,9952,Baumanns,PER
2707,9952,Major Beerbohm,PER
2708,9952,Bromberg,PER
2709,9952,Hoffmannsstr,PER
2710,9955,Berlin,LOC
2711,9957,Peter,PER
2712,9961,Feldb,ORG
2713,9970,Mühlhausen,PER
2714,9975,Gud,PER
2715,9977,Feldburg,LOC
2716,9978,Mühlhausen,ORG
2717,9978,Feddersen,PER
2718,9978,Skærbæk,LOC
2719,9981,Mühlhausen,LOC
2720,9981,Colmar,LOC
2721,9981,Strassburg,LOC
2722,9982,Grense,LOC
2723,9982,Belgien,LOC
2724,9983,Namur,LOC
2725,9984,Laon,LOC
2726,9990,Siegfried Stilling,PER
2727,9999,Konow,PER
2728,10001,Konow,PER
2729,10010,Elsass,LOC
2730,10024,Ravnholdt,PER
2731,10041,Hindenburg,LOC
2732,10052,Hindenburg,PER
2733,10076,Konov,PER
2734,10078,Konov,PER
2735,10078,Feldveblen,PER
2736,10081,Peter,PER
2737,10099,Gud,PER
2738,10100,Peter,PER
2739,10116,Peter,PER
2740,10117,Konov,PER
2741,10124,Staden Laon,LOC
2742,10143,Wi,PER
2743,10146,Hans Nissen,PER
2744,10147,Uffe,PER
2745,10158,Frankrig,LOC
2746,10163,Marias,PER
2747,10165,Peter,PER
2748,10169,Spandau,PER
2749,10172,Feldv.s,PER
2750,10179,Peter,PER
2751,10192,Rusland,LOC
2752,10192,Feldburg,LOC
2753,10195,Laon,LOC
2754,10199,Frankrig,LOC
2755,10211,Linnet Skov,LOC
2756,10227,Marne,PER
2757,10229,Jakob Clasen,PER
2758,10229,Marne,PER
2759,10229,deich,PER
2760,10230,Holstein,PER
2761,10233,Pindsen,LOC
2762,10237,Trine,PER
2763,10241,Peter,PER
2764,10250,Major,PER
2765,10253,Bromberg,LOC
2766,10253,eg,PER
2767,10255,Peter,PER
2768,10260,Lukowski,PER
2769,10282,Baumann,PER
2770,10294,Steffen,PER
2771,10294,Otto u Sziencak,PER
2772,10298,Wilhelm,PER
2773,10299,Wilhelm Konow,PER
2774,10300,Trine,PER
2775,10301,Berlin,LOC
2776,10301,Hamburg,LOC
2777,10303,Bromberg,PER
2778,10307,Hindenburg,LOC
2779,10310,Berlin,LOC
2780,10311,Bromberg,PER
2781,10312,Peter,PER
2782,10314,Frankrig,LOC
2783,10315,Major,PER
2784,10319,Major,PER
2785,10347,Marne,PER
2786,10353,Holstein,LOC
2787,10356,Hindenburg,LOC
2788,10367,Toftlund,LOC
2789,10386,Oles Gård,PER
2790,10388,Toftlund,LOC
2791,10388,Ribe,LOC
2792,10393,Anna,PER
2793,10393,Jørns,PER
2794,10395,T.,PER
2795,10397,Kirstine Lastein,PER
2796,10400,Chr. Olsen,PER
2797,10400,Skærbæk,LOC
2798,10400,Hermine Konow,PER
2799,10400,Zollenspitzer,ORG
2800,10400,Bez,ORG
2801,10401,Hamburg,LOC
2802,10406,Trine,PER
2803,10407,Eilers,PER
2804,10410,Rigsdagen,ORG
2805,10414,Peter,PER
2806,10420,Rigsdagen,ORG
2807,10423,Trinelil,PER
2808,10426,Peter,PER
2809,10426,Peter,PER
2810,10427,Hans Nissen,PER
2811,10429,Uffe,PER
2812,10430,Laon,PER
2813,10437,Uffe,PER
2814,10438,Oles,PER
2815,10441,Peter,PER
2816,10442,Peter,PER
2817,10445,Stedfort,LOC
2818,10447,Peter,PER
2819,10453,Peter,PER
2820,10453,Peter,PER
2821,10454,Hans Nissen,PER
2822,10458,Rigsdagen,ORG
2823,10460,Laon,PER
2824,10462,Feldwebel,PER
2825,10473,Peter,PER
2826,10476,Dorthea Bejer,PER
2827,10477,Chr.,PER
2828,10478,Trine,PER
2829,10498,Thelephonet,PER
2830,10507,v.,PER
2831,10507,Bellmann Hohlweg,PER
2832,10507,Delfrig,PER
2833,10531,Uffes,PER
2834,10537,Skærbæk,LOC
2835,10538,Peter,PER
2836,10557,H. Nissen,PER
2837,10557,Laon,LOC
2838,10559,Peter,PER
2839,10562,Major,PER
2840,10571,Konow,PER
2841,10571,Feldw,PER
2842,10573,Feldv,PER
2843,10584,Colligir,PER
2844,10589,Ole,PER
2845,10589,Hans Mouritzen,PER
2846,10589,Ole,PER
2847,10589,Maren,PER
2848,10591,Hans Mouritzen,PER
2849,10601,Bromberg,ORG
2850,10602,Peter,PER
2851,10609,Barsballe,LOC
2852,10610,Chathrine Mærsk,PER
2853,10614,Möller,PER
2854,10621,Peter,PER
2855,10624,Ravnholt,LOC
2856,10626,Liebesgruss Salut d'amour,PER
2857,10635,Guds,PER
2858,10636,Guds,PER
2859,10642,Trine,PER
2860,10648,Guds,PER
2861,10654,Peter,PER
2862,10659,Bruyeres,PER
2863,10660,Athies,LOC
2864,10661,Laon,LOC
2865,10664,Chevregny,LOC
2866,10664,Staubækken,LOC
2867,10665,fr.,PER
2868,10667,Tea,PER
2869,10667,Rundbjærg,PER
2870,10667,Teas,PER
2871,10667,Bovlund,LOC
2872,10667,P. Gads,PER
2873,10668,Lykke,PER
2874,10668,Alfred Lykke Gad,PER
2875,10670,P. Gad,PER
2876,10670,P. Maersk,PER
2877,10673,Østrig,LOC
2878,10693,Marne,LOC
2879,10693,Holsten,LOC
2880,10693,Hannover,LOC
2881,10693,Westfalen,LOC
2882,10695,Trine,PER
2883,10695,Hejsel,PER
2884,10695,Flensborg,LOC
2885,10696,Ravnholt,LOC
2886,10714,Bakkely,PER
2887,10714,Trines,PER
2888,10717,Thelegram,PER
2889,10717,Berlin,LOC
2890,10718,Berlin,LOC
2891,10719,Gefr,ORG
2892,10720,Zudnesowski,PER
2893,10729,Bromberg,ORG
2894,10743,Trine,PER
2895,10750,Nordslesvig,LOC
2896,10751,Grete,PER
2897,10755,Maren,PER
2898,10755,Madsen,LOC
2899,10765,Berlin,LOC
2900,10767,Konov,PER
2901,10768,Berlin,LOC
2902,10771,Ordonansen,PER
2903,10771,Konovs,PER
2904,10771,Berlin,LOC
2905,10774,Guds,PER
2906,10775,Hamburg,LOC
2907,10775,Berlin,LOC
2908,10776,Konov,PER
2909,10776,Berlin,LOC
2910,10777,Konov,PER
2911,10779,Konovs,PER
2912,10792,Maren Sørensen,PER
2913,10794,Fritz Schwarz,PER
2914,10795,Braunsberg,PER
2915,10806,Maren,PER
2916,10807,Konov,PER
2917,10808,Gud,PER
2918,10809,Thelegram,PER
2919,10809,Berlin,LOC
2920,10810,Konov,PER
2921,10810,Berlin,LOC
2922,10810,Laz,LOC
2923,10810,Konov,PER
2924,10811,Konov,PER
2925,10811,Berlin,LOC
2926,10822,Peter,PER
2927,10823,Thomas Nielsen,PER
2928,10823,Ole,PER
2929,10825,Gud,PER
2930,10826,Trine,PER
2931,10829,Peter,PER
2932,10843,Hindenburg,LOC
2933,10845,Peter,PER
2934,10845,Mærsk,PER
2935,10847,Landaueren,PER
2936,10847,Regt,PER
2937,10848,Køkkenunderoffz,ORG
2938,10850,Major,PER
2939,10851,Peter,PER
2940,10855,Cöln,LOC
2941,10858,Major,PER
2942,10861,Laz,LOC
2943,10864,Trine,PER
2944,10881,Hindenborg,LOC
2945,10883,Hindenborg,LOC
2946,10886,Harzen,LOC
2947,10886,Major,PER
2948,10887,Politiken,ORG
2949,10888,Maren,PER
2950,10888,Stenderup,LOC
2951,10889,Madsen,PER
2952,10890,Ribe,LOC
2953,10895,Peter,PER
2954,10905,Regulski,PER
2955,10908,Trines,PER
2956,10908,Trine,PER
2957,10911,Trine,PER
2958,10918,Astrid,PER
2959,10918,Trine,PER
2960,10919,Per,PER
2961,10924,Abeline Kjær,PER
2962,10924,Peter,PER
2963,10925,Angerburg,ORG
2964,10928,Peters,PER
2965,10932,Peter,PER
2966,10939,Maren,PER
2967,10943,Kö,ORG
2968,10943,l,ORG
2969,10944,Henningsen,PER
2970,10947,Trine,PER
2971,10951,Trine,PER
2972,10956,Peter,PER
2973,10963,Cessieres,PER
2974,10965,H. Susemihl,PER
2975,10970,Henningsen,PER
2976,10971,Henningsen,PER
2977,10971,Danmark,LOC
2978,10974,Peter,PER
2979,10976,Henningsen,PER
2980,10976,M. Sørensen,PER
2981,10978,Maren,PER
2982,10987,Trine,PER
2983,10995,Cessieres,PER
2984,10998,H. Wolff,PER
2985,11003,Hamburg,LOC
2986,11011,Konov,PER
2987,11023,Trine,PER
2988,11028,Trines,PER
2989,11035,Peter,PER
2990,11045,Konow,PER
2991,11054,Regt,PER
2992,11055,Vodder,PER
2993,11055,Peter,PER
2994,11055,Hygum,LOC
2995,11058,Trine,PER
2996,11060,Konov,PER
2997,11079,Roagger Station,LOC
2998,11081,Konov,PER
2999,11086,Trine,PER
3000,11091,Trine,PER
3001,11091,Trine,PER
3002,11091,Gud,PER
3003,11096,Peter,PER
3004,11143,Konov,PER
3005,11144,Henningsen,PER
3006,11146,Trine,PER
3007,11148,Uffe,PER
3008,11164,Konov,PER
3009,11171,Uffe,PER
3010,11172,Tønder,LOC
3011,11180,Uffe,PER
3012,11181,Peter,PER
3013,11184,Uffe,PER
3014,11186,Konov,PER
3015,11186,Uffe,PER
3016,11194,Per Hansen,PER
3017,11214,Kreis Hadersleben,PER
3018,11224,Malmason,LOC
3019,11225,Uffe,PER
3020,11227,Gad,PER
3021,11234,Uffe,PER
3022,11236,Uffe,PER
3023,11238,Uffe,PER
3024,11241,Konov,PER
3025,11242,Uffe,PER
3026,11243,hans Leutn,PER
3027,11244,Laon,LOC
3028,11244,Laon,LOC
3029,11248,Peter,PER
3030,11252,Uffe,PER
3031,11255,Crepy,LOC
3032,11255,Konov,PER
3033,11256,Uffe han,PER
3034,11257,Regt,PER
3035,11260,Laon,PER
3036,11261,Laon,PER
3037,11268,Madsen,PER
3038,11268,Konov,PER
3039,11269,Uffe,PER
3040,11274,Havren,LOC
3041,11274,Vodder,LOC
3042,11275,Danmark,LOC
3043,11278,Stendal,LOC
3044,11281,Trine,PER
3045,11288,Uffe,PER
3046,11290,Madsen,PER
3047,11290,Konov,PER
3048,11291,Uffe,PER
3049,11295,Konov,PER
3050,11296,Uffe,PER
3051,11301,Laon,PER
3052,11301,Skærbæk,LOC
3053,11302,Uffe,PER
3054,11306,Iver,PER
3055,11307,P. Jensen,PER
3056,11307,Iver,PER
3057,11308,Trine,PER
3058,11308,Signe,PER
3059,11309,Trine,PER
3060,11309,Peter,PER
3061,11309,Uffe,PER
3062,11311,Peterlil,PER
3063,11312,Trinelil,PER
3064,11321,Signe,PER
3065,11324,Musse,PER
3066,11327,Trine,PER
3067,11328,Madsen,PER
3068,11338,Trine,PER
3069,11338,Henningsen,PER
3070,11343,Cøln,PER
3071,11344,Rusland,LOC
3072,11345,Skærbæk,LOC
3073,11348,Oberstleutn,PER
3074,11351,Peter,PER
3075,11355,Walter Henningsen,PER
3076,11358,Konov,PER
3077,11362,Niels Kjær,PER
3078,11365,Niels Kjær,PER
3079,11373,Jensen,PER
3080,11373,Skærbæk,LOC
3081,11375,Peter,PER
3082,11381,W. Gård,PER
3083,11385,Regeringen,ORG
3084,11386,Konov,PER
3085,11390,Konov,PER
3086,11391,Konov,PER
3087,11392,Åbling,LOC
3088,11394,W.,PER
3089,11402,Signe,PER
3090,11409,Konov,PER
3091,11410,Fyn,LOC
3092,11411,Trine,PER
3093,11416,Johannes Petersen,PER
3094,11416,Hygum,LOC
3095,11417,Trine,PER
3096,11421,Trinelil,PER
3097,11441,Peter,PER
3098,11443,Konov,PER
3099,11447,Batl,ORG
3100,11450,Trine,PER
3101,11452,Regt,PER
3102,11455,Frau Geheimråd,PER
3103,11455,Berlin-Schoneberg,LOC
3104,11459,Konov,PER
3105,11459,Heinrich,PER
3106,11459,Stendal,LOC
3107,11460,Walter Henningsen,PER
3108,11461,Anna,PER
3109,11461,Jørn,PER
3110,11464,Peter,PER
3111,11465,Trineli,PER
3112,11469,Musse,PER
3113,11479,Peter,PER
3114,11494,Henningsen,PER
3115,11513,Hamborg,LOC
3116,11514,Zollenspitze,ORG
3117,11514,Konov,PER
3118,11522,Hygum,LOC
3119,11527,Walter,PER
3120,11534,Mærsk,ORG
3121,11537,Peter,PER
3122,11553,Konow,PER
3123,11554,Peter,PER
3124,11557,Bromberg,PER
3125,11564,Peterlein,PER
3126,11576,aren schon,PER
3127,11579,Spater,PER
3128,11586,Bromberg,LOC
3129,11595,z. Z. Urlaub,PER
3130,11596,Roagger,PER
3131,11596,Kreis Hadersleben,PER
3132,11599,Konow,PER
3133,11599,l.R.von Hindenburg,PER
3134,11601,Berlin,LOC
3135,11604,Major,PER
3136,11610,Peter,PER
3137,11615,Ilse Beerbohm,PER
3138,11620,Laon,PER
3139,11621,Bromberg,PER
3140,11621,Regt,PER
3141,11629,Laon,LOC
3142,11636,Oberstl,PER
3143,11639,Feldv,PER
3144,11644,Peter,PER
3145,11646,Crepy,LOC
3146,11651,Feldv,PER
3147,11652,Konov,PER
3148,11653,Heeres,PER
3149,11657,Hamborg,LOC
3150,11659,Hauptm,LOC
3151,11662,Henningsen,PER
3152,11670,Trine,PER
3153,11670,Toftlund,LOC
3154,11675,Elsass,LOC
3155,11677,Walter Henningsen,PER
3156,11679,Marle,PER
3157,11681,Mark,PER
3158,11684,Maren,PER
3159,11689,Feldv,LOC
3160,11694,Trine,PER
3161,11697,Peter,PER
3162,11698,Konov,PER
3163,11698,Peter Gad,PER
3164,11706,Elsass,LOC
3165,11721,Trine,PER
3166,11727,Peter,PER
3167,11729,Peter,PER
3168,11731,Asmus,PER
3169,11732,Signe,PER
3170,11732,Asmus,PER
3171,11734,Skak Petersens,PER
3172,11737,Hejsel,PER
3173,11738,P.J.,PER
3174,11756,Walter,PER
3175,11758,Niels Lausen,PER
3176,11760,Trine,PER
3177,11760,Cessieres,PER
3178,11769,Hamborg,LOC
3179,11775,Peter,PER
3180,11777,Marsk,LOC
3181,11784,Hindenburg Nr.,LOC
3182,11790,Musse,PER
3183,11794,Musse,PER
3184,11794,Peter,PER
3185,11796,Peter,PER
3186,11801,Gud,PER
3187,11805,Musse,PER
3188,11806,Peter,PER
3189,11809,Valter,PER
3190,11819,Mærsk,PER
3191,11821,Oberstl,PER
3192,11829,Rusland,LOC
3193,11834,Trine,PER
3194,11836,Peter,PER
3195,11837,Musse,PER
3196,11856,Hamborg,LOC
3197,11862,Roagger Sogn,LOC
3198,11862,Konov,PER
3199,11862,Feldv,PER
3200,11869,Rusland,LOC
3201,11871,Rusland,LOC
3202,11872,Trines,PER
3203,11874,Walters,PER
3204,11877,Peter,PER
3205,11885,Offz,ORG
3206,11891,Trine,PER
3207,11894,Peter,PER
3208,11897,Konov,PER
3209,11914,Peter Højer,PER
3210,11915,Peter,PER
3211,11916,Peter,PER
3212,11921,Sine Nielsen,PER
3213,11922,Walter,PER
3214,11923,Jens Barsballe,PER
3215,11924,Rusland,LOC
3216,11932,Hamborg,LOC
3217,11932,Guds,PER
3218,11933,Peter,PER
3219,11935,Peter,PER
3220,11939,Dorthea,PER
3221,11940,Trine,PER
3222,11940,P. Gad,PER
3223,11940,Signe,PER
3224,11942,Trine,PER
3225,11943,Trine,PER
3226,11945,Moer,PER
3227,11948,Moer,PER
3228,11949,Faer,PER
3229,11949,Moer,PER
3230,11949,Trine,PER
3231,11951,Trine,PER
3232,11954,Rusland,LOC
3233,11956,Trine,PER
3234,11958,Trine,PER
3235,11958,Guds,PER
3236,11959,Peter,PER
3237,11959,Trine,PER
3238,11959,Gud,PER
3239,11962,Trine,PER
3240,11964,Peter,PER
3241,11965,Marie,PER
3242,11965,Dorthea,PER
3243,11968,Niels,PER
3244,11968,Trine,PER
3245,11972,Trine,PER
3246,11978,Trine,PER
3247,11978,Moer,PER
3248,11981,Peter,PER
3249,11983,Trine,PER
3250,11984,Gud,PER
3251,11986,Bromberg,LOC
3252,11986,Trine,PER
3253,11990,Rusland,LOC
3254,11998,Konow,PER
3255,12000,Spandau,LOC
3256,12009,Trinelil,PER
3257,12013,Rusland,LOC
3258,12015,Rendsborg,PER
3259,12015,Ersatz Batl,ORG
3260,12016,Haderslev,LOC
3261,12016,Flensborg,LOC
3262,12022,Walter,PER
3263,12024,Peter,PER
3264,12036,Trine,PER
3265,12037,Trines,PER
3266,12044,Gud,PER
3267,12048,Trine,PER
3268,12052,Spandau,LOC
3269,12053,Feldv,PER
3270,12071,Bromberg,PER
3271,12072,Peter,PER
3272,12076,Konov,PER
3273,12076,Feldv,PER
3274,12085,Gud,PER
3275,12085,Trinelil,PER
3276,12089,Anna Gad,PER
3277,12091,Trine,PER
3278,12098,Peter,PER
3279,12103,Mark,PER
3280,12103,Dorthea,PER
3281,12103,Adstrid,PER
3282,12109,Peter,PER
3283,12110,Trine,PER
3284,12114,Peter,PER
3285,12118,Uffe,PER
3286,12119,Trine G. Mærsk,PER
3287,12120,Holst,PER
3288,12130,Trine,PER
3289,12137,Gud,PER
3290,12144,Anna,PER
3291,12145,Peter,PER
3292,12151,Gud,PER
3293,12151,Gud,PER
3294,12152,Musse,PER
3295,12152,Gud,PER
3296,12161,Jan.,PER
3297,12161,Louce le Cerny,PER
3298,12161,Cessieres,LOC
3299,12161,Jan,PER
3300,12164,Trine,PER
3301,12170,Peter,PER
3302,12171,Guds,PER
3303,12177,Gud,PER
3304,12184,Feldv,PER
3305,12185,Køln,LOC
3306,12187,P. Jensen,PER
3307,12193,Trine,PER
3308,12194,S.,PER
3309,12195,Møller,PER
3310,12195,Bryssel,LOC
3311,12196,Peter,PER
3312,12209,Uffe,PER
3313,12209,Uffe,PER
3314,12212,Regt,ORG
3315,12222,V.-,PER
3316,12226,Anna,PER
3317,12227,Dorthea,PER
3318,12229,Signe,PER
3319,12230,Anna,PER
3320,12241,Uffe,PER
3321,12242,Overjersdal,LOC
3322,12242,Vojens Skærbæk,LOC
3323,12258,Belgien,LOC
3324,12265,Valter,PER
3325,12275,J. Petersen,PER
3326,12275,Hygum,LOC
3327,12275,Signe Gad,PER
3328,12275,Peter,PER
3329,12277,Walter,PER
3330,12277,sine,PER
3331,12277,Konow,PER
3332,12278,Grandlup,LOC
3333,12280,Feldw,PER
3334,12283,Nachrichten Komp,ORG
3335,12285,Konow,PER
3336,12292,Offz,PER
3337,12303,Musse,PER
3338,12304,drille,PER
3339,12307,Peter,PER
3340,12323,Trine,PER
3341,12325,Musse,PER
3342,12327,Gud,PER
3343,12327,Trine,PER
3344,12329,Konow,PER
3345,12335,Viviase,ORG
3346,12348,Nordslesvig,LOC
3347,12352,Trine,PER
3348,12357,England,LOC
3349,12357,Frankrig,LOC
3350,12361,Feldv,PER
3351,12368,Eisner,PER
3352,12382,Bromberg,PER
3353,12394,Onne,PER
3354,12396,Peter,PER
3355,12397,Uffe,PER
3356,12402,Trine,PER
3357,12416,Iver,PER
3358,12416,Ellen,PER
3359,12420,Trine,PER
3360,12420,Peter,PER
3361,12423,Hamborg,LOC
3362,12426,Trine,PER
3363,12429,Uffe,PER
3364,12431,Holst,PER
3365,12438,Lieb Peterlein,PER
3366,12444,Urlaub,LOC
3367,12446,Oberstl,PER
3368,12449,Heinrichs,PER
3369,12462,Lieber,PER
3370,12462,Peter,PER
3371,12463,Hamburg,LOC
3372,12469,Holst,PER
3373,12473,Lieber,PER
3374,12473,Peter,PER
3375,12474,Zollenspieker,PER
3376,12483,Hamburg,LOC
3377,12488,Wilhelm,PER
3378,12490,Hamburg,LOC
3379,12493,Sonst giebts,PER
3380,12495,Hamburg,LOC
3381,12496,Peter,PER
3382,12519,Apfel,PER
3383,12524,Viele herzl,PER
3384,12534,Trine,PER
3385,12536,Peter,PER
3386,12540,Hindenburg,ORG
3387,12545,Laon,LOC
3388,12545,Regt,PER
3389,12546,Peter,PER
3390,12547,Postvæsenet,ORG
3391,12551,Bromberg,PER
3392,12553,Bromberg,LOC
3393,12555,Hindenborg,LOC
3394,12556,Laon,LOC
3395,12556,Charleville,LOC
3396,12556,Saarbrücken,LOC
3397,12556,Kreuznach,LOC
3398,12558,Hindenborg,LOC
3399,12558,Oranienhof,LOC
3400,12561,Bromberg,PER
3401,12562,Frankfurt a / M,LOC
3402,12563,Erfurt,LOC
3403,12563,Berlin,LOC
3404,12567,Frankfurt a / O,LOC
3405,12568,Schneidermühl,PER
3406,12568,Bromberg,PER
3407,12578,Berlin,LOC
3408,12582,Berlin,LOC
3409,12585,Trine,PER
3410,12585,Berlin,LOC
3411,12587,Peter,PER
3412,12589,Peter,PER
3413,12593,Berlin,LOC
3414,12595,Bromberg,PER
3415,12597,Musse,PER
3416,12598,Regt,ORG
3417,12604,Bromberg,LOC
3418,12608,Henningsens,PER
3419,12612,Regt,PER
3420,12614,Konov,PER
3421,12616,Musse,PER
3422,12619,Peter,PER
3423,12620,Astrid,PER
3424,12621,Regt,ORG
3425,12643,Coln a. Rh,LOC
3426,12649,Konov,PER
3427,12649,Feldv,PER
3428,12654,Musse,PER
3429,12661,Peter,PER
3430,12664,Konov,PER
3431,12670,Bromberg,PER
3432,12672,Signe,PER
3433,12675,Musse,PER
3434,12677,Musse,PER
3435,12685,Feldv,PER
3436,12686,Peter,PER
3437,12687,Køln,LOC
3438,12687,Flensborg,LOC
3439,12689,Posthuset,LOC
3440,12692,Konov,LOC
3441,12696,Konov,PER
3442,12699,Bromberg,LOC
3443,12699,Berlin,LOC
3444,12699,Bromberg,PER
3445,12701,Caffe,ORG
3446,12701,Anne Marie Kjær,PER
3447,12702,Skærbæk,LOC
3448,12706,Anna,PER
3449,12712,Konov,PER
3450,12712,Feldv,PER
3451,12722,Lundsmarkgården,ORG
3452,12732,Peter,PER
3453,12740,Feldw,PER
3454,12748,Uffes,PER
3455,12757,Vodder,LOC
3456,12758,Grete,PER
3457,12767,Rumänien,LOC
3458,12773,Peter,PER
3459,12774,Højer,PER
3460,12778,Peter,PER
3461,12779,Signes,PER
3462,12783,Signe,PER
3463,12793,Konov,PER
3464,12795,Peter,PER
3465,12798,Trine,PER
3466,12802,Peter,PER
3467,12804,Uffe,PER
3468,12808,Frau,PER
3469,12823,Peter,PER
3470,12827,Harzen,LOC
3471,12831,Trine,PER
3472,12836,Peter,PER
3473,12848,Maren,PER
3474,12848,Stendal,PER
3475,12849,Trine,PER
3476,12850,Peter,PER
3477,12851,Musse,PER
3478,12868,Peter,PER
3479,12877,Anna,PER
3480,12877,Astrid,PER
3481,12878,Hans Beerbohm,PER
3482,12881,Konov,PER
3483,12881,Hans,PER
3484,12882,Feldv,PER
3485,12883,Konov,PER
3486,12885,Peter,PER
3487,12891,Trine,PER
3488,12907,Regt,PER
3489,12922,Mærsk,PER
3490,12930,Regt,PER
3491,12931,hænter,PER
3492,12933,Henningsen,PER
3493,12933,Regt,PER
3494,12935,Regt,PER
3495,12936,Konow,PER
3496,12937,Feldw,PER
3497,12942,Gud,PER
3498,12945,Peter,PER
3499,12952,Peter,PER
3500,12953,Trine,PER
3501,12955,Peter,PER
3502,12959,Peter,PER
3503,12972,Eisner,PER
3504,12981,Konow,PER
3505,12982,Feldv,PER
3506,12983,Konow,PER
3507,12992,Eisner,PER
3508,12996,Konow,PER
3509,12999,Uffe,PER
3510,12999,Signe,PER
3511,13000,Dorthea,PER
3512,13008,Musse,PER
3513,13009,Musse,PER
3514,13012,Musse,PER
3515,13036,Peter,PER
3516,13050,Regt,PER
3517,13052,Leutn,PER
3518,13058,Trine,PER
3519,13058,Musse,PER
3520,13061,Signe,PER
3521,13063,Uffe,PER
3522,13069,Walter Henningsen,PER
3523,13076,Konov,PER
3524,13078,Musse,PER
3525,13079,Musse,PER
3526,13079,Musse,PER
3527,13091,Marsk,LOC
3528,13105,Feldw,ORG
3529,13106,Konow,PER
3530,13110,Ellen,PER
3531,13112,Peter,PER
3532,13116,Fretey le Chateau,LOC
3533,13119,Batl,ORG
3534,13124,Uffe,PER
3535,13131,Konov,PER
3536,13137,Peter,PER
3537,13140,Konow,PER
3538,13140,Feldw,PER
3539,13143,Uffe,PER
3540,13145,Peter,PER
3541,13150,Feldw,PER
3542,13151,Konow,PER
3543,13155,Uffe,PER
3544,13163,Trine,PER
3545,13165,Trine,PER
3546,13182,Uffe,PER
3547,13183,Konow,PER
3548,13183,Uffe,PER
3549,13185,Chr. Pedersen,PER
3550,13186,Rusland,LOC
3551,13196,Trine,PER
3552,13198,Peter,PER
3553,13198,Konow,PER
3554,13198,Peter,PER
3555,13208,Oberstl,PER
3556,13211,Regt,PER
3557,13212,Major Kittel,PER
3558,13212,Regt,PER
3559,13215,Mai,LOC
3560,13218,Cöln,LOC
3561,13219,Vestfronten,LOC
3562,13221,Feldv,PER
3563,13223,Konow,PER
3564,13225,Lebensmittelbez,ORG
3565,13238,Batl,ORG
3566,13241,Uffe,PER
3567,13248,Peter,PER
3568,13250,Uffe,PER
3569,13252,Peter,PER
3570,13254,Uffe,PER
3571,13259,Regt,PER
3572,13262,Uffe,PER
3573,13265,Peter,PER
3574,13273,Peter,PER
3575,13281,Bromberg,PER
3576,13287,Beerbohm,PER
3577,13309,Feldw,ORG
3578,13310,Konow,PER
3579,13314,Ellen,PER
3580,13328,Regt,PER
3581,13332,Feldm,PER
3582,13333,Offz,PER
3583,13334,Regt,LOC
3584,13339,B.,PER
3585,13347,Hindenburg,LOC
3586,13349,Konow,PER
3587,13355,Astrid,PER
3588,13356,Trine,PER
3589,13362,Dagny Brodersen,PER
3590,13362,Ottesbøl,LOC
3591,13366,Attrups,PER
3592,13366,Skærbæk,LOC
3593,13373,Musse,PER
3594,13374,Musse,PER
3595,13374,Peter,PER
3596,13379,Hindenburg,LOC
3597,13389,Skærbæk,LOC
3598,13391,Konow,PER
3599,13394,Peter,PER
3600,13410,Leutn,PER
3601,13411,Prahl,PER
3602,13412,Haderslev,LOC
3603,13437,Konow,PER
3604,13439,Peter,PER
3605,13449,Musse,PER
3606,13450,Peter,PER
3607,13455,Holstein,LOC
3608,13457,Anna,PER
3609,13470,Konow,PER
3610,13472,Regt,PER
3611,13476,Schwerin,LOC
3612,13483,Gud,PER
3613,13484,Peter,PER
3614,13496,Konow,PER
3615,13496,Feldw,PER
3616,13503,Konow,PER
3617,13505,Walter,PER
3618,13518,Peter,PER
3619,13521,Regt,PER
3620,13522,Konow,PER
3621,13524,Regt,PER
3622,13531,Laon,LOC
3623,13533,Kittel,PER
3624,13535,Konow,PER
3625,13536,Peter,PER
3626,13539,Marne,LOC
3627,13541,Feldw,PER
3628,13542,Konow,PER
3629,13550,Leutn,PER
3630,13551,Heinrich,PER
3631,13551,Stendal,LOC
3632,13553,Guds,PER
3633,13554,Regt,PER
3634,13555,Frankrig,LOC
3635,13559,Peter,PER
3636,13566,Bryuer,LOC
3637,13566,Chemin des Dames,LOC
3638,13566,Marne,LOC
3639,13570,Lergagen,PER
3640,13571,Leut,PER
3641,13574,Regt,PER
3642,13594,Heinrich,PER
3643,13594,Stendal,LOC
3644,13594,Regt,PER
3645,13595,Batl,LOC
3646,13603,England,LOC
3647,13604,Musse,PER
3648,13607,Peter,PER
3649,13619,Trine,PER
3650,13624,Peter,PER
3651,13625,Chatillion,LOC
3652,13639,Konow,PER
3653,13640,Feldv,PER
3654,13642,Beerbohm,PER
3655,13644,Feldv,PER
3656,13648,Kittel,PER
3657,13651,Skovs,PER
3658,13651,Højer,PER
3659,13663,Hejsel,PER
3660,13688,Peter,PER
3661,13689,Offz,PER
3662,13691,Regt,LOC
3663,13691,Peter,PER
3664,13691,Peter,PER
3665,13693,Konow,PER
3666,13695,Konow,PER
3667,13697,Peter,PER
3668,13714,Signe,PER
3669,13715,Ravnholdt,PER
3670,13733,Peter,PER
3671,13740,Peter,PER
3672,13751,Skibelund Krat,LOC
3673,13767,Konow,PER
3674,13770,Peter,PER
3675,13774,Maren,PER
3676,13775,Saint du Nord,LOC
3677,13776,Trine,PER
3678,13776,Konow,PER
3679,13783,Peter,PER
3680,13791,Obling pr. Roagger,PER
3681,13791,Kreis Hadersleben,PER
3682,13818,Skærbæk,LOC
3683,13819,Skærbæk,LOC
3684,13823,Regt,PER
3685,13826,Røde Kors,ORG
3686,13830,Ludvig,PER
3687,13830,Skærbæk,LOC
3688,13852,Trine,PER
3689,13888,Fismer,LOC
3690,13890,Konov,PER
3691,13892,Peter,PER
3692,13895,Trine,PER
3693,13898,St. Gillers,LOC
3694,13898,Dravegnez,LOC
3695,13898,Cohan,LOC
3696,13898,Coulonge,LOC
3697,13902,Bazorses,LOC
3698,13906,Baracke,LOC
3699,13908,Regt,PER
3700,13920,Peter,PER
3701,13921,Trinelil,PER
3702,13931,Trinelil,PER
3703,13937,Anna,PER
3704,13939,Uffe,PER
3705,13943,Signe,PER
3706,13945,Iver,PER
3707,13950,Musse,PER
3708,13953,Iver,PER
3709,13954,Ellen,PER
3710,13962,Marne,LOC
3711,13966,Peter,PER
3712,13966,Trine,PER
3713,13969,Regt,LOC
3714,13970,Marne,PER
3715,13971,Marnefloden,LOC
3716,13978,Beerbohm,PER
3717,13980,Konow,PER
3718,13980,Feldv,PER
3719,13982,Skærbæk,LOC
3720,13990,Feldv,PER
3721,13993,Regt,PER
3722,13994,Mærsks,ORG
3723,14003,Trine,PER
3724,14011,Hemmingsen,PER
3725,14014,Trine,PER
3726,14016,Signe,PER
3727,14016,Maren Mærsk,PER
3728,14018,Maren,PER
3729,14019,Signe,PER
3730,14019,Ravnholt,LOC
3731,14019,Anna,PER
3732,14022,Jes,PER
3733,14022,Maren,PER
3734,14022,Ravnholt,LOC
3735,14029,Signe,PER
3736,14030,Signe,PER
3737,14032,Signe,PER
3738,14032,Peter,PER
3739,14033,Jes Mærskes,PER
3740,14035,Signe,PER
3741,14035,Ravnholt,LOC
3742,14036,Anna,PER
3743,14036,Uffe,PER
3744,14037,Trinelil,PER
3745,14054,Trinelil,PER
3746,14054,Peter,PER
3747,14063,Mærsk Regt,PER
3748,14066,Paris,LOC
3749,14067,Trine,PER
3750,14069,Saint du Nord,LOC
3751,14070,Konow,PER
3752,14072,Frankrig,LOC
3753,14073,Kullabrük,LOC
3754,14073,Lötzen,LOC
3755,14089,Konow,PER
3756,14089,Feldw,PER
3757,14092,Konow,PER
3758,14097,Konow,PER
3759,14099,Konows,PER
3760,14099,Zollenspieker,PER
3761,14101,Peter,PER
3762,14107,Argonneskoven,LOC
3763,14107,Maasfloden,LOC
3764,14109,Trine,PER
3765,14110,Konow,PER
3766,14118,Konow,PER
3767,14122,Feldw,ORG
3768,14124,Konow,PER
3769,14128,Kjærs,PER
3770,14135,Konow,PER
3771,14152,Uffe,PER
3772,14152,Ravnholt,LOC
3773,14156,Gud,PER
3774,14157,Uffe,PER
3775,14171,Trine,PER
3776,14178,Hamburg,LOC
3777,14188,Konow,PER
3778,14190,Konow,PER
3779,14191,Hamborg,LOC
3780,14199,Musse,PER
3781,14202,Cedde Madsen,PER
3782,14202,Theatret,LOC
3783,14204,Theatret,LOC
3784,14211,Madsen,PER
3785,14221,Trine,PER
3786,14232,Trine,PER
3787,146,Bodil J,PER
3788,171,Lundsmark,PER
3789,204,Peter,PER
3790,226,Peter,PER
3791,280,Peter,PER
3792,326,Jens,PER
3793,343,Peter,PER
3794,350,Peter,PER
3795,366,Titanics,PER
3796,376,Trine,PER
3797,411,Peter,PER
3798,426,Thomas Nielsen,PER
3799,426,Kosmorama,LOC
3800,426,Titanics,PER
3801,433,Trine,PER
3802,433,Peter,PER
3803,464,Peter,PER
3804,465,Trine,PER
3805,486,Haje,PER
3806,552,Peter,PER
3807,552,Skærbæk,LOC
3808,587,Trine,PER
3809,704,P. Hansen,PER
3810,704,Svinninge,LOC
3811,829,Trine,PER
3812,829,Peter,PER
3813,865,Trine,PER
3814,974,Peter,PER
3815,984,Povl Hansens,PER
3816,1004,Langeje,PER
3817,1020,Peter,PER
3818,1021,Løtzen,LOC
3819,1039,Løtzen Østpreusen,PER
3820,1040,Mærsk,ORG
3821,1084,Peter,PER
3822,1161,Peter,PER
3823,1190,Peter,PER
3824,1201,Trine,PER
3825,1275,Arys,PER
3826,1318,Signe,PER
3827,1318,Peter,PER
3828,1442,Trine,PER
3829,1488,Peter,PER
3830,1493,Arys,PER
3831,1623,Anders Thomsen,PER
3832,1659,Maren,PER
3833,1670,Trine,PER
3834,1691,Peter,PER
3835,1788,Feldwebel,PER
3836,1788,Mærsk,PER
3837,1792,Trine,PER
3838,1792,Peter,PER
3839,1907,Peter,PER
3840,1994,Skibelund Krat,LOC
3841,2053,Petersen,PER
3842,2053,Poulsen,PER
3843,2053,Søerne,LOC
3844,2264,Becker Løtzen Ostpreussen,PER
3845,2264,Peter,PER
3846,2294,Trine,PER
3847,2313,Uffe,PER
3848,2355,Peter,PER
3849,2367,Marsk,ORG
3850,2389,Frankrig,LOC
3851,2389,Rusland,LOC
3852,2403,Peter,PER
3853,2416,Peter Byen,PER
3854,2416,Bialla,LOC
3855,2462,Skærbæk,LOC
3856,2624,Gud,PER
3857,2629,Trine,PER
3858,2629,Peter,PER
3859,2649,Trine,PER
3860,2649,Peter,PER
3861,2672,Maren Hansen,PER
3862,2754,Coucy,PER
3863,2755,Nis Muusmann,PER
3864,2823,Rusland,LOC
3865,2844,Trine,PER
3866,2844,Peter,PER
3867,2884,Callesen,PER
3868,2911,Schakovski,PER
3869,2911,Callesen,PER
3870,2933,Frankrig,LOC
3871,2945,Peter,PER
3872,3191,Peter,PER
3873,3225,Peter,PER
3874,3322,tjæner Thelephonen,PER
3875,3413,P Jensen,PER
3876,3415,Namur,LOC
3877,3452,Thelegram,PER
3878,3495,Peter,PER
3879,3511,Peter,PER
3880,3535,Peter,PER
3881,3535,Uffe,PER
3882,3538,Holstein Poststempel,ORG
3883,3538,K.D.Feldposte-Edition,PER
3884,3544,Peter,PER
3885,3546,Jes Mærsk,PER
3886,3546,Oster Abling,ORG
3887,3546,Hadersleben,LOC
3888,3546,Schles- vig Holstein,LOC
3889,3547,Polen,LOC
3890,3598,Peter,PER
3891,3623,Trine,PER
3892,3664,Peter,PER
3893,3665,K.D.Feldpostexp,PER
3894,3667,Mærsk,PER
3895,3667,des J. Petersen Mærsk,PER
3896,3669,Roagger Madchenschule Lods,PER
3897,3670,Hadersleben,ORG
3898,3671,Armee Schlesvig-Holstein,ORG
3899,3696,Signes,PER
3900,3696,Halle,LOC
3901,3702,Halle 1½.,LOC
3902,3706,Peter,PER
3903,3707,Lods Krigslazaret,LOC
3904,3775,Mærsk Res,ORG
3905,3829,Peter,PER
3906,3829,Trine,PER
3907,3856,P. Barsballe,PER
3908,3856,Trine,PER
3909,3895,Niels Kjær,PER
3910,3895,HJ,PER
3911,3951,Peters,PER
3912,3953,Trine,PER
3913,4005,Trine,PER
3914,4005,Peter,PER
3915,4048,Løtzen,PER
3916,4049,Trine,PER
3917,4049,Konigsberg,PER
3918,4055,Trine Gad Ravnhold,PER
3919,4055,Schleswig-Holstein Poststempel,ORG
3920,4113,Braunsberg,PER
3921,4113,Tønder,LOC
3922,4119,Hadersleben,LOC
3923,4119,Schlesvig-Holstein,LOC
3924,4119,Gefr,LOC
3925,4121,Braunsberg,PER
3926,4121,Braunsberg,PER
3927,4162,Gud,PER
3928,4162,Hemming,PER
3929,4162,Moer,PER
3930,4188,Jes Mærsk,PER
3931,4188,øster Åbling,PER
3932,4189,Hadersleben,LOC
3933,4189,Schlesvig-Holstein,LOC
3934,4189,Braunsberg,PER
3935,4189,Ostpr,ORG
3936,4193,Braunsberg,PER
3937,4193,Wasserfall,LOC
3938,4310,Felriveblen,PER
3939,4531,Trine,PER
3940,4549,Peter,PER
3941,4624,Trine,PER
3942,4624,Peter,PER
3943,4662,Peter,PER
3944,4663,Robert Schubert,PER
3945,4663,Photogr .,PER
3946,4663,Braunsberg Ostpr,PER
3947,4713,Trine,PER
3948,4722,Peter 3,PER
3949,4735,Braunsberg,LOC
3950,4747,Roagger,PER
3951,4861,Braunsberg,LOC
3952,4861,Angerburg,LOC
3953,4861,Angerburg,LOC
3954,4900,Schwartz,PER
3955,4908,Tannenberg,LOC
3956,4908,Berlin,LOC
3957,4908,Gefr,ORG
3958,4931,Peter,PER
3959,4969,Trine.1,PER
3960,5028,Berlin,LOC
3961,5028,Braunsberg,LOC
3962,5030,Peter,PER
3963,5051,Braunsberg,LOC
3964,5051,Le,ORG
3965,5051,Berlin,LOC
3966,5054,Peter,PER
3967,5118,Peter,PER
3968,5118,San,PER
3969,5143,Peter,PER
3970,5143,Konow,PER
3971,5155,Märsk,ORG
3972,5159,Roagger,PER
3973,5159,Hadersleben,LOC
3974,5160,Holstein Poststempel,ORG
3975,5160,K.D.Feldpoststation,PER
3976,5180,Hindenburg,LOC
3977,5291,Hindenburg,LOC
3978,5291,J. P. Mærsk,PER
3979,5291,Hadersleben,PER
3980,5292,Holstein Poststempel,ORG
3981,5292,K.D. Feld-Postexped,PER
3982,5298,Wilna,PER
3983,5508,Peter,PER
3984,5559,Peter,PER
3985,5577,Signe,PER
3986,5586,Trine,PER
3987,5586,Signe,PER
3988,5636,Peter,PER
3989,5636,XX A.K.,PER
3990,5662,Trine,PER
3991,5681,Peter,PER
3992,5697,Peter,PER
3993,5723,Elsass,LOC
3994,5730,Trine,PER
3995,5920,Trine,PER
3996,5952,Peter,PER
3997,6032,Keks,PER
3998,6083,Peter,PER
3999,6122,P. Bejer,PER
4000,6141,Peter,PER
4001,6168,Trine,PER
4002,6168,Gud,PER
4003,6168,Peter,PER
4004,6180,Trine,PER
4005,6298,J. P. Marsk Roagger,PER
4006,6379,Boronikischski,PER
4007,6379,PM,ORG
4008,6386,Peter,PER
4009,6387,P.,PER
4010,6387,Mærsk Roagger,PER
4011,6387,Hadersleben,PER
4012,6388,Holstein,PER
4013,6388,Insterburg,PER
4014,6389,Georg Stilke,PER
4015,6389,Berlin NW,LOC
4016,6389,Hotel Deutsches Haus,LOC
4017,6390,Peter,PER
4018,6391,Eydtkuhnen P.,PER
4019,6391,Mærsk Roagger,PER
4020,6393,Holstein,PER
4021,6398,Trine,PER
4022,6398,Bromberg,LOC
4023,6401,Peter,PER
4024,6401,Trine Gad Ravnhold,PER
4025,6401,Roagger,PER
4026,6401,Hadersleben,PER
4027,6402,Holstein,LOC
4028,6403,Mærsk Regt,PER
4029,6406,Dirschau Roonstrassee,LOC
4030,6406,Georg Stilke,PER
4031,6406,Berlin NW,LOC
4032,6408,Kovno,LOC
4033,6411,Trine Gad Roagger,PER
4034,6412,Holstein,LOC
4035,6413,Mærsk Regt,PER
4036,6414,Hindenburg,PER
4037,6479,Trine,PER
4038,6489,gjensyn,ORG
4039,6489,Tønder,LOC
4040,6489,Peter,PER
4041,6631,Georg Wilhelm,PER
4042,6631,Peter Fritz Ernst Beskow,PER
4043,6634,J. P. Marsk Roagger,PER
4044,6649,Trine Gad,PER
4045,6649,Ravnholt,LOC
4046,6649,Roagger st. Nordslesvig,LOC
4047,6652,Trine,PER
4048,6655,Peter Trine Gad Roagger,PER
4049,6658,Hindenburg,PER
4050,6660,Georg Stilke,PER
4051,6689,Peter,PER
4052,6695,Hindenburg,LOC
4053,6695,Dynaborg,LOC
4054,6762,Konov,PER
4055,6793,Tyskland,LOC
4056,6793,Feldpoststation,LOC
4057,6817,Peter,PER
4058,6892,Trine,PER
4059,6953,Peter,PER
4060,6972,Jens Cl,PER
4061,7002,Peter,PER
4062,7017,Peter,PER
4063,7110,Hindenborg Reg.,LOC
4064,7200,Peter,PER
4065,7201,Trine Gad Gefr,PER
4066,7202,Marsk Roagger,PER
4067,7203,Hindenburg,LOC
4068,7204,Hadersleben 37,LOC
4069,7207,Kais,PER
4070,7208,Deutsche Feldpoststation,LOC
4071,7208,Litauen,LOC
4072,7209,Aleksandov,PER
4073,7226,Novo Aleksandrov,LOC
4074,7263,Gud,PER
4075,7287,Peter,PER
4076,7329,Trine,PER
4077,7329,Nis Rahr,PER
4078,7329,Asmus,PER
4079,7360,Ole Jessen,PER
4080,7360,Jens Cl .,PER
4081,7361,Barsballe,PER
4082,7361,Jes Mærsk Østerobling,PER
4083,7361,Råager Kreis Hadersleben,PER
4084,7361,Barsballe 18.,LOC
4085,7362,Armeekorps,ORG
4086,7366,A.O.K.,LOC
4087,7366,A.O.K.,LOC
4088,7366,Officers Kasino,LOC
4089,7366,Peter,PER
4090,7368,J. P. Mærsk,PER
4091,7369,Hindenburg Roagger,PER
4092,7369,Hadersleben,LOC
4093,7370,Holst,PER
4094,7371,Feldpost Armee Abt,ORG
4095,7384,Peter,PER
4096,7392,Niels Skau,PER
4097,7442,Borovikischki,PER
4098,7458,Peter,PER
4099,7526,Tyskland,LOC
4100,7562,Peter Fri,PER
4101,7563,Trine Gad,PER
4102,7563,Kais,PER
4103,7567,Hadersleben,LOC
4104,7571,Mærsk,PER
4105,7571,Hindenburg,PER
4106,7589,Peter,PER
4107,7685,Ponnivitz,PER
4108,7685,Udzany,PER
4109,7695,Herrn,PER
4110,7695,J. P. Marsk Roagger,PER
4111,7695,Hadersleben,LOC
4112,7699,von Hindenburg,PER
4113,7717,Peter,PER
4114,7718,Borovikischki,PER
4115,7725,Peter,PER
4116,7750,Peter,PER
4117,7751,P.,PER
4118,7757,Hindenburg,PER
4119,7758,Herrn,PER
4120,7758,J. P. Marsk,PER
4121,7758,Roagger,PER
4122,7758,Hadersleben,LOC
4123,7836,Trine,PER
4124,7849,Peter,PER
4125,7866,Mærsk Armeekorps,ORG
4126,7867,Hindenburg Regiment,ORG
4127,7868,Stab Besond,PER
4128,7871,Hindenburg,LOC
4129,7891,Peter,PER
4130,7892,Szymczak Marjanowska,PER
4131,7892,Peter Marsk,PER
4132,7899,Peter,PER
4133,7899,Charlottenburg 26 9,LOC
4134,7900,Trine Gad Roagger,PER
4135,7901,Hindenburg,LOC
4136,7923,Peter,PER
4137,7924,Bergedorf,PER
4138,7924,Zollenspieker Bahnpost,LOC
4139,7944,Ravnholt,LOC
4140,7946,Peter,PER
4141,7953,Konov,PER
4142,7968,PM,ORG
4143,7970,Tønder,LOC
4144,7978,Peter,PER
4145,7997,Engkjær,PER
4146,8000,Peter,PER
4147,8064,Ravnholt,LOC
4148,8070,Peter,PER
4149,8104,Konov,PER
4150,8116,Peter,PER
4151,8117,Konov,PER
4152,8138,Peter,PER
4153,8138,Trine,PER
4154,8164,Konov,PER
4155,8197,Peter,PER
4156,8212,Ravnholt,PER
4157,8212,Peter,PER
4158,8215,Trine Gad Roagger,PER
4159,8219,Hindenburg,PER
4160,8237,Frankfurt inat,LOC
4161,8245,Peter,PER
4162,8337,Peter,PER
4163,8397,Hamborg,LOC
4164,8401,Hamborg,LOC
4165,8401,Majorens,PER
4166,8417,Beerbohm,PER
4167,8558,heim,PER
4168,8581,Stilling,LOC
4169,8581,Feldburg,LOC
4170,8592,Peter,PER
4171,8614,Konow,PER
4172,8614,Peter,PER
4173,8626,Peter Feldpostbrief,PER
4174,8626,Frl,ORG
4175,8628,Hadersleben,LOC
4176,8629,Holstein,LOC
4177,8629,Hindenburg,LOC
4178,8683,Peter,PER
4179,8720,Peter,PER
4180,8725,Peter,PER
4181,8748,Peter,PER
4182,8764,Peter,PER
4183,8816,Peter,PER
4184,8841,Anders Riber,PER
4185,8867,Peter,PER
4186,8870,Trine,PER
4187,8870,Halle,PER
4188,8907,Hannover,LOC
4189,8907,Jan,PER
4190,8907,Frankfurt,LOC
4191,8909,Trine,PER
4192,8909,Stendal,PER
4193,8923,Peter,PER
4194,8925,Regt,PER
4195,8929,Frankfurt,LOC
4196,8991,Trine,PER
4197,8991,Peter,PER
4198,9041,Peter,PER
4199,9052,Peter,PER
4200,9052,Peter,PER
4201,9095,Trine,PER
4202,9157,Konov,PER
4203,9175,Peter,PER
4204,9260,Peter,PER
4205,9317,Peter,PER
4206,9348,Hamborg,LOC
4207,9351,Kino,ORG
4208,9368,Berlin,LOC
4209,9368,Vittenberge,LOC
4210,9368,Spandau,LOC
4211,9376,Peter,PER
4212,9377,Bromberg,PER
4213,9384,Peter,PER
4214,9388,Peter,PER
4215,9393,Mülhausen,PER
4216,9393,Rendsborg,LOC
4217,9409,Hamborg,LOC
4218,9430,Peter,PER
4219,9482,Peter,PER
4220,9549,Peter,PER
4221,9576,München,LOC
4222,9578,Peter Gefr,PER
4223,9580,Hindenburg,PER
4224,9580,z.z,PER
4225,9583,Trine Gad Roagger,PER
4226,9583,Hadersleben,PER
4227,9584,Holstein Goethe-Haus,PER
4228,9589,Frankfurt a / M.,ORG
4229,9619,Peter,PER
4230,9620,Trinelil,PER
4231,9620,Frankfurt,LOC
4232,9642,Frankfurt,LOC
4233,9657,Marne,PER
4234,9657,Christian Madsen,PER
4235,9657,Kloster,LOC
4236,9658,Madsen,PER
4237,9660,Feldw,PER
4238,9814,Peter,PER
4239,9834,Konov,PER
4240,9891,Peter,PER
4241,9943,Peter,PER
4242,9972,Peter,PER
4243,10027,Peter,PER
4244,10031,Peter,PER
4245,10034,Trine Gad,PER
4246,10035,Holstein,ORG
4247,10035,Gefr,ORG
4248,10038,Hindenburg Stab,ORG
4249,10048,J. P. Märsk,PER
4250,10048,Hadersleben,LOC
4251,10050,Hindenburg,PER
4252,10050,Gefr,PER
4253,10063,Peter,PER
4254,10112,Isenheim,LOC
4255,10112,Guds,PER
4256,10126,Peter,PER
4257,10150,Peter,PER
4258,10245,Peter,PER
4259,10246,Cøln,LOC
4260,10246,Berlin,LOC
4261,10246,Hannover,LOC
4262,10254,Peter,PER
4263,10304,Peter Gefr,PER
4264,10308,Bromberg,PER
4265,10309,Trine Marsk,PER
4266,10309,Roagger,PER
4267,10309,Holstein,LOC
4268,10309,Hamburg,LOC
4269,10329,Peter,PER
4270,10330,Musse,PER
4271,10341,Madsen,PER
4272,10346,Peter,PER
4273,10351,Trine Marsk Roagger,PER
4274,10352,Hadersleben,LOC
4275,10354,Marne,PER
4276,10377,Feldw,PER
4277,10381,Peter,PER
4278,10422,Peter,PER
4279,10428,Vedsted,LOC
4280,10521,Peter,PER
4281,10582,Peter Peter,PER
4282,10608,Jens Cl .,PER
4283,10622,Peter,PER
4284,10625,Peter,PER
4285,10656,Uffe,PER
4286,10677,Hs,PER
4287,10706,Braunsberg,LOC
4288,10706,Peter,PER
4289,10707,Cessieres,PER
4290,10728,Peter,PER
4291,10759,Peter,PER
4292,10784,j,PER
4293,10800,Peter,PER
4294,10840,Peter,PER
4295,10867,Peter,PER
4296,10868,Bakkely,PER
4297,10930,K,PER
4298,10930,Ribe Stiftstidende,ORG
4299,10952,Peter,PER
4300,10990,Uffe,PER
4301,10994,Peter,PER
4302,10996,Peter,PER
4303,10997,Deutsche Meister,ORG
4304,11013,Peter,PER
4305,11014,Chemins des Dames,LOC
4306,11037,Danmark,LOC
4307,11040,Peter,PER
4308,11064,Peter,PER
4309,11066,Cessieres,LOC
4310,11111,Peter,PER
4311,11111,Martha,PER
4312,11111,Hygum,LOC
4313,11111,Trine,PER
4314,11116,Peter,PER
4315,11116,Maren Mærsks,PER
4316,11116,Peter Barsballe Martha,PER
4317,11116,Hygum,LOC
4318,11116,Trine Mærsks,PER
4319,11116,Johannes Petersen,PER
4320,11116,Hygum,LOC
4321,11128,Peter,PER
4322,11128,Martha,PER
4323,11128,Hygum,LOC
4324,11128,Trine,PER
4325,11166,Peter,PER
4326,11197,Peter,PER
4327,11197,Kcnov,PER
4328,11202,Peter,PER
4329,11202,Uffe,PER
4330,11204,Herrn J. P. Marsk Roagger,PER
4331,11205,Hadersleben,LOC
4332,11206,Holstein Poststempel,ORG
4333,11207,Trine,PER
4334,11211,Signe,PER
4335,11212,Uffe,PER
4336,11213,Trine G. Marsk,PER
4337,11213,Østerabling,LOC
4338,11284,Peter,PER
4339,11333,Peterlil,PER
4340,11350,Peter,PER
4341,11366,Peter,PER
4342,11387,Peter,PER
4343,11399,Peterlil,PER
4344,11405,Olle,PER
4345,11405,Madsen,PER
4346,11420,Peter,PER
4347,11431,Peterlil,PER
4348,11439,Konov,PER
4349,11482,Peter,PER
4350,11495,Peter,PER
4351,11511,Konov,PER
4352,11516,Trine,PER
4353,11532,Peter,PER
4354,11533,Werther Herr,PER
4355,11562,Peter Lærret,PER
4356,11591,Wilhelm,PER
4357,11592,Aurini,PER
4358,11594,P. Marsk,PER
4359,11597,Holst,PER
4360,11626,Peter,PER
4361,11710,Peter,PER
4362,11715,Peter,PER
4363,11716,Hindenburg,LOC
4364,11716,Hadersleben,LOC
4365,11717,Holstein,LOC
4366,11740,Uffe,PER
4367,11764,Peter,PER
4368,11776,Feldpostbrief,ORG
4369,11776,J.P.,PER
4370,11782,Marsk,LOC
4371,11783,Holstein v.,LOC
4372,11810,Peterlil,PER
4373,11854,Peter,PER
4374,11904,Peter,PER
4375,11927,Rusland,LOC
4376,11927,Berlin,LOC
4377,11927,Rusland,LOC
4378,11927,Petersborg,LOC
4379,11941,Moer,PER
4380,11941,Trine,PER
4381,11947,Moer,PER
4382,11947,Trine,PER
4383,11955,Peter,PER
4384,11966,Peter Gad,PER
4385,11966,Signe,PER
4386,11966,Peter,PER
4387,11966,Gud,PER
4388,11966,Anne,PER
4389,12002,Peter,PER
4390,12031,Peter,PER
4391,12055,Peter,PER
4392,12129,Guds,PER
4393,12141,Peter,PER
4394,12156,Peter,PER
4395,12162,Peter,PER
4396,12179,Uffe Gad,PER
4397,12189,Ivers,PER
4398,12189,Lundsmark,LOC
4399,12200,Peter,PER
4400,12201,Musse,PER
4401,12217,Anna,PER
4402,12217,Peterlil,PER
4403,12243,Trinelil,PER
4404,12243,Peter,PER
4405,12254,Peter,PER
4406,12271,Peter,PER
4407,12297,Peter,PER
4408,12313,Peter,PER
4409,12338,Eders,PER
4410,12338,Peter,PER
4411,12366,Trines,PER
4412,12374,Peter,PER
4413,12407,Peter,PER
4414,12408,Musse,PER
4415,12419,Peter,PER
4416,12430,Hadersleben,LOC
4417,12461,Willi,PER
4418,12465,Hamburg,LOC
4419,12465,Wilhelm,PER
4420,12468,Roagger,PER
4421,12468,Kreis Hadersleben,PER
4422,12470,Hamburg,LOC
4423,12472,Konow Zollenspieker,PER
4424,12494,Wilhelm,PER
4425,12525,Wilhelm,PER
4426,12527,Hamburg,LOC
4427,12533,Musse,PER
4428,12533,Astrid,PER
4429,12533,Roagger,PER
4430,12538,B.,ORG
4431,12538,Berlin,LOC
4432,12538,Peter T.G. Marsk,PER
4433,12538,Bromberg,PER
4434,12538,Bromberg,PER
4435,12539,Regt,PER
4436,12542,Peter Frau,PER
4437,12542,Roagger,PER
4438,12542,Bad Kreuznach,LOC
4439,12572,Bromberg,PER
4440,12588,Berlin,LOC
4441,12588,Bromberg,PER
4442,12590,Roagger,PER
4443,12592,Berlin,LOC
4444,12592,Brandenburger Tor,LOC
4445,12594,Trine,PER
4446,12594,Berlin,LOC
4447,12625,Peter,PER
4448,12627,Herrn,PER
4449,12627,J. P. Marsk Coln,PER
4450,12631,Holstein,ORG
4451,12633,Musse,PER
4452,12636,Peter,PER
4453,12638,Frau,PER
4454,12640,Hadersleben,LOC
4455,12640,Gefr,ORG
4456,12641,Marsk,LOC
4457,12642,Holstein,PER
4458,12653,Peter,PER
4459,12705,Peter,PER
4460,12761,Peter,PER
4461,12761,Noyn,PER
4462,12776,Peter,PER
4463,12780,Musse,PER
4464,12803,Jes,PER
4465,12803,Maren,PER
4466,12809,Kreins Hadersleben,PER
4467,12810,Holstein Poststempel,ORG
4468,12859,Peter Gad,PER
4469,12874,Peter,PER
4470,12896,Peter,PER
4471,12964,Peter,PER
4472,12986,Peter,PER
4473,13007,Musse,PER
4474,13007,Peter,PER
4475,13016,Musse,PER
4476,13016,Peter,PER
4477,13021,Hindenburg Poststempel:1,ORG
4478,13023,Hadersleben,LOC
4479,13024,Holstein,ORG
4480,13024,Gefr,ORG
4481,13057,Peter,PER
4482,13059,Musse,PER
4483,13059,Pouilli,PER
4484,13080,Peter,PER
4485,13085,Peter,PER
4486,13086,Feldpostkarte,ORG
4487,13086,J. P. Marsk Roagger,PER
4488,13089,Holstein,LOC
4489,13111,Musse,PER
4490,13111,Peter,PER
4491,13118,Bursy,LOC
4492,13177,Peter,PER
4493,13195,Peter,PER
4494,13199,Jes,PER
4495,13199,Maren,PER
4496,13201,uffe Feldpostbrief,PER
4497,13201,Trine G. Mærsk,PER
4498,13202,Obling pr,PER
4499,13202,Roagger Kreis Hadersleben,PER
4500,13202,Schl Holst,PER
4501,13202,Deutsche Feldpost,ORG
4502,13202,Absender,PER
4503,13228,Peter,PER
4504,13246,Peter,PER
4505,13251,Trines,PER
4506,13251,Peter Felten,PER
4507,13255,Trines,PER
4508,13255,Peter,PER
4509,13282,B.,ORG
4510,13291,Peter,PER
4511,13315,Musse,PER
4512,13315,Peter,PER
4513,13338,Peter,PER
4514,13413,Peter,PER
4515,13429,Peter,PER
4516,13430,Laon,LOC
4517,13430,Rejms,LOC
4518,13453,Roagger,PER
4519,13454,Hadersleben,LOC
4520,13488,H b.,PER
4521,13498,Peter,PER
4522,13510,Musse,PER
4523,13510,Peter,PER
4524,13528,Peter,PER
4525,13583,Signe,PER
4526,13583,Annemarie Kjær,PER
4527,13610,Peter,PER
4528,13659,Poully,PER
4529,13665,Königsberg,LOC
4530,13667,Peter,PER
4531,13671,Konow,PER
4532,13672,Peter,PER
4533,13672,Herrn,PER
4534,13672,J.P. Marsk Roagger,PER
4535,13673,Holstein Poststempel,ORG
4536,13753,Peter,PER
4537,13785,Trine,PER
4538,13790,Anna,PER
4539,13790,Uffe An Frau,PER
4540,13792,Holstein,ORG
4541,13809,Peter,PER
4542,13839,Peter,PER
4543,13869,Peter,PER
4544,13883,Peter,PER
4545,13897,Konow,PER
4546,13897,Perles,PER
4547,13907,Coulonge,LOC
4548,13913,Peter,PER
4549,13944,Musse,PER
4550,13957,Peter,PER
4551,13957,Ravnholdt,LOC
4552,13986,Peter,PER
4553,14009,Konow,PER
4554,14013,Peter,PER
4555,14057,Trine,PER
4556,14057,Peter,PER
4557,14060,Peter Feldpostkarte,PER
4558,14061,Roagger,PER
4559,14061,Hadersleben,PER
4560,14062,Holstein,ORG
4561,14062,Gefr,ORG
4562,14078,Peter,PER
4563,14112,Peter,PER
4564,14133,Peter,PER
4565,14158,Anna,PER
4566,14158,Peter,PER
4567,14172,Peter,PER
4568,14185,Anna,PER
4569,14185,Peter,PER
4570,14198,Peter,PER
4571,14220,Anna,PER
4572,14220,Peter,PER
4573,14227,Peter,PER
4574,11046,Peter,PER
