noun,freq
dag,856
aften,560
tak,515
dage,503
brev,496
tid,464
forældre,431
kl.,354
mor,330
morgen,300
hilsener,290
par,273
gang,240
far,183
mand,181
hilsner,181
nat,179
går,172
brevet,167
breve,164
hilsen,162
pakke,162
ro,155
pakker,151
gud,134
post,129
kaffe,129
år,127
stykke,122
søndag,118
orlov,117
dagen,114
jul,106
del,104
brød,101
seng,96
tanker,94
ting,94
pige,94
tiden,88
lov,86
middag,85
kvarter,85
tur,83
posten,82
udlov,82
plads,81
penge,81
folk,79
krigen,78
kilom,77
natten,76
mark,75
eftermiddag,74
majoren,74
pakken,73
fronten,71
lyst,70
vejr,66
stue,66
smør,65
time,64
ord,63
staben,63
m.,61
timer,60
aar,60
aftenen,60
byen,60
kort,60
kone,59
fødselsdag,58
fred,58
kammerat,58
vinter,57
pakkerne,56
kæreste,55
gange,55
billede,54
vej,54
morgenen,54
vejen,53
toget,53
komp,52
hjem,52
hus,51
ven,50
feldveblen,50
sted,47
tjæneste,47
sager,47
formiddag,46
tøj,45
kammerater,45
krig,44
brevene,43
julen,43
strømper,43
adr.,42
uger,42
vagt,42
side,41
reg.,41
tobak,41
lørdag,40
slags,40
hovedet,40
stilling,40
orden,40
stykker,39
lys,39
arbejde,39
stuen,39
uge,36
pengene,36
vogn,35
skyld,34
grund,34
skoven,34
pund,34
sukker,34
russerne,33
kys,33
mening,30
lejlighed,30
pølse,30
underofficer,30
freden,30
vinteren,29
påske,29
by,29
musse,29
p,29
kartofler,29
  ,29
poststempel,29
heste,28
ret,28
cigarer,28
sommer,27
morbror,27
middagsmad,26
hauptmanden,26
støvler,26
vand,26
orloven,26
måde,26
august,26
juli,26
forholdene,26
div.,26
siden,25
gefr,25
ende,25
soldat,25
skyttegraven,25
turen,24
søster,24
danskere,24
sengen,24
sagerne,24
æg,24
vogne,24
juleaften,24
forgårs,24
mennesker,23
besked,23
skov,23
minutter,23
rejsen,23
kop,23
soldater,23
rejse,23
billeder,23
eder,23
æbler,23
regnvejr,23
døren,22
steder,22
peter,22
regn,22
korporalskab,22
sne,22
transport,22
no,22
kortet,22
lykke,21
glæde,21
kilo,21
ild,21
sæbe,21
stab,21
kiste,21
fredag,20
aftes,20
grænsen,20
tanke,20
mandag,20
halm,20
cykle,20
søn,20
artilleri,20
forhold,20
tropper,20
efterm,20
fald,19
buroet,19
chocolade,19
sider,19
bordet,19
besøg,19
hjørne,19
liv,19
officerer,19
solen,19
kage,19
tider,19
spørgsmål,18
underofficerer,18
melding,18
cyklen,18
levnedsmidler,18
batl,18
herrer,18
grunden,17
overmorgen,17
måned,17
bord,17
m,17
førstningen,17
febr.,17
tornyster,17
banen,17
mod,17
thelegram,17
regt,17
forretning,17
tirsdag,16
ugen,16
russen,16
stedet,16
trine,16
mors,16
tale,16
påsken,16
kulde,16
navn,16
ordonans,16
hjælp,16
gefægtstanden,16
søvn,15
dame,15
karle,15
gården,15
snak,15
øl,15
p.,15
hauptmand,15
feldvebel,15
generalen,15
okt.,15
sept.,15
artilleriet,15
pibe,15
slag,15
køkkenet,15
luften,15
graven,15
nr.,15
tab,15
marken,14
eftermiddagen,14
jorden,14
familie,14
papir,14
tankerne,14
billedet,14
kød,14
march,14
hånd,14
hest,14
veje,14
linie,14
vognen,14
stillingen,14
franskmanden,14
gaar,13
menneske,13
huset,13
øjnene,13
hestene,13
plan,13
piger,13
onsdag,13
måneder,13
gård,13
dreng,13
underbukser,13
behov,13
udloven,13
guds,13
brug,13
tante,13
hår,13
kakkelovn,13
aviser,13
billederne,13
bryllup,12
sagen,12
kirke,12
arm,12
sag,12
modet,12
tide,12
dages,12
løn,12
bukser,12
skud,12
officererne,12
gevær,12
bøvl,12
fanen,12
dagene,12
bladene,12
forbindelse,12
nød,12
middagen,12
træ,12
soldaterne,12
skjorte,12
barn,12
postsager,12
sygdom,12
pærer,12
papirer,11
karl,11
torsdag,11
møde,11
stad,11
brødet,11
kammer,11
enden,11
benene,11
munden,11
angst,11
venner,11
trøje,11
sang,11
resten,11
honning,11
ost,11
ryggen,11
kommando,11
hestetjæner,11
major,11
småting,11
øjeblik,11
mad,11
adjudanten,11
tro,11
vin,11
flaske,11
dække,11
lyset,11
frugt,11
jan.,11
      ,11
jordhytte,11
offensiven,11
vinduet,10
humøret,10
jord,10
nætter,10
    ,10
land,10
kæresten,10
hjemvejen,10
bog,10
fæstningen,10
cigar,10
tjænesten,10
nytår,10
gangen,10
ske,10
kakkelovnen,10
marts,10
leje,10
reserven,10
lægen,10
gensyn,10
fjenden,10
fornøjelse,10
hotel,10
tysk,10
inf.,10
huse,10
børn,10
skinke,10
kanoner,10
reserve,10
glas,10
fisk,10
maven,10
slutning,10
forplejning,10
flyver,10
sko,10
april,9
fodbold,9
farvel,9
foråret,9
verden,9
egn,9
værelse,9
tog,9
underofficeren,9
piben,9
øjne,9
pladser,9
meldinger,9
bekendte,9
gænge,9
masse,9
slaget,9
kræfter,9
fare,9
jernkorset,9
hviledag,9
grav,9
fremtid,9
floden,9
mælk,9
auto,9
form,9
appetit,9
tvebakker,9
musikken,9
vindue,9
depotet,9
soldaterhjemmet,9
rad,9
iver,8
skolen,8
pigerne,8
forvejen,8
bud,8
fejl,8
bal,8
eders,8
frimærker,8
storm,8
maj,8
sommeren,8
skab,8
kilometer,8
fyr,8
rekrutter,8
pinse,8
fars,8
forpost,8
station,8
karbonade,8
hul,8
eks.,8
tjæner,8
herre,8
lign.,8
hånden,8
kors,8
forårsvejr,8
stof,8
ilden,8
feldpostbrief,8
russere,8
fange,8
byer,8
kaffen,8
loftet,8
juletræ,8
juledag,8
hvedebrød,8
               ,8
arbejdet,8
ønske,8
flyvere,8
rådighed,8
lommen,8
feldpost,8
sukkeret,8
meningen,7
skam,7
vejret,7
stationen,7
tanken,7
lade,7
undertøj,7
spandet,7
søndagen,7
larm,7
juni,7
tyskerne,7
grænse,7
staden,7
middagsmaden,7
arrest,7
angreb,7
tornysteren,7
frikadeller,7
stand,7
avis,7
virkelighed,7
nummer,7
fødder,7
dele,7
onkel,7
ophold,7
fedt,7
rekrutterne,7
i,7
sport,7
brigaden,7
hemmelighed,7
lag,7
dansk,7
befalinger,7
dose,7
rusk,7
svar,7
ordonanser,7
stole,7
ledertrøje,7
hoved,7
udsigterne,7
gods,7
gulvet,7
blade,7
banegården,7
igår,7
sorg,7
kjole,7
navnet,7
snevejr,7
officerskøkkenet,7
kassemesteren,7
pels,7
pelsen,7
kvarterer,7
fredstid,7
hensyn,6
forsamlingshuset,6
hurra,6
afsked,6
gjensyn,6
tag,6
magt,6
udsigter,6
kirken,6
høet,6
dagligstuen,6
nyhed,6
konen,6
højskolebladet,6
manden,6
fader,6
lig,6
trøjen,6
luft,6
fæstning,6
kaserne,6
nov.,6
sand,6
vagten,6
pinsen,6
næsen,6
formiddagen,6
besigtigung,6
skilling,6
reviren,6
efteråret,6
planer,6
lærken,6
steg,6
fest,6
mænd,6
rundstykke,6
købet,6
græs,6
skrivestuen,6
stalden,6
part,6
hestestald,6
udro,6
flæsk,6
kommandanten,6
himmel,6
landet,6
tårerne,6
hovedsagen,6
skyttegravene,6
opfyldelse,6
retning,6
haven,6
møbler,6
fanger,6
general,6
pligt,6
pandekager,6
sofaen,6
batteri,6
fangenskab,6
rum,6
fløj,6
julepakker,6
kår,6
/,6
lænestol,6
brevpapir,6
sjal,6
bøger,6
spadseretur,6
brevpapier,6
fyre,6
slot,6
loft,6
byerne,6
alt,6
frost,6
dec.,6
dækker,6
absender,6
billedtekst,6
bjærg,6
moment,6
fuglene,6
priser,6
amtsforstanderen,6
præst,6
pris,6
regnen,6
opvisningen,5
blyant,5
cykel,5
ur,5
indholdet,5
hjemmet,5
dans,5
forandring,5
interesse,5
kuvert,5
heden,5
papiret,5
hø,5
tryk,5
bladet,5
aftener,5
bevis,5
indtryk,5
roer,5
koncert,5
timers,5
svin,5
boldspil,5
kamp,5
tøjet,5
stedfortræder,5
appel,5
sæt,5
målet,5
slut,5
mængde,5
nytårsaften,5
sneen,5
fødderne,5
støvlerne,5
stakler,5
handsker,5
halvdel,5
fødselsdagen,5
leutnant,5
kassen,5
afsnit,5
poster,5
opgave,5
person,5
strømperne,5
manøveren,5
forår,5
cyklist,5
høsten,5
postens,5
befaling,5
nord,5
kagen,5
udorden,5
lampe,5
koppe,5
pinsedag,5
smule,5
datter,5
læs,5
gefægt,5
varme,5
varmen,5
kosten,5
cigaretter,5
rugen,5
kommandanturen,5
toge,5
grave,5
beboere,5
russer,5
postforbindelsen,5
eg,5
afstand,5
kuglerne,5
forstærkning,5
kanonerne,5
hele,5
hals,5
husene,5
håb,5
våbenstilstand,5
maden,5
mål,5
skyttegrave,5
kraft,5
stillinger,5
tilrette,5
tændstikker,5
navne,5
døre,5
franskmænd,5
halsen,5
     ,5
sylt,5
pølsen,5
gaden,5
doser,5
mai,5
gode,5
blomster,5
kamrat,5
rose,5
mund,5
kursus,5
guld,5
livet,5
batterier,5
skriveri,5
villa,5
dækkerne,5
drøm,5
aftensmad,5
bomber,5
hylde,5
skriver,5
smørret,5
skade,5
solskin,5
kisten,5
sal,5
klaver,5
depot,5
ansøgning,5
theater,5
søndagshilsen,5
silke,5
vestfronten,5
kister,5
pennen,4
fotografi,4
ballet,4
stilhed,4
tilstand,4
indbydelsen,4
åbling,4
dit,4
lur,4
gymnastik,4
skriften,4
barselgilde,4
kurre,4
sogn,4
kreaturer,4
tænder,4
døden,4
ark,4
udflugt,4
vandet,4
stil,4
sidemand,4
maleren,4
hverfald,4
gymnastikken,4
fodspor,4
bold,4
forstand,4
skæbne,4
hold,4
øje,4
ønsker,4
fremtiden,4
gånsager,4
mil,4
dags,4
penning,4
skabet,4
hat,4
grunde,4
lamper,4
søvnen,4
mellemmad,4
obersten,4
pengebrev,4
stegen,4
skrivebord,4
prøve,4
skiver,4
feldweblen,4
hvil,4
stald,4
stuer,4
salve,4
underofficererne,4
kantinen,4
lazarettet,4
evighed,4
luftkasteller,4
patroner,4
laden,4
spejlæg,4
halvdelen,4
leder,4
højde,4
ploven,4
skriveriet,4
mantel,4
fjende,4
hælm,4
slutningen,4
officer,4
fotograf,4
sønner,4
pindse,4
tobakken,4
håbet,4
appelsiner,4
frikadel,4
oberst,4
middags,4
portion,4
måneden,4
bane,4
brylluppet,4
lager,4
mobil,4
regiment,4
forbindelsen,4
ly,4
kl,4
mur,4
garnisonen,4
held,4
syn,4
postforbindelse,4
hjemegn,4
humør,4
armékors,4
armékor,4
kusk,4
minder,4
vest,4
divisionen,4
tårer,4
dyr,4
battl,4
bonde,4
midten,4
køkken,4
forplejningen,4
vår,4
julegave,4
gren,4
stund,4
muskt,4
lønning,4
apparatet,4
front,4
adr,4
medicin,4
senge,4
smag,4
hvedekage,4
stabslægen,4
smerte,4
bad,4
stol,4
jern,4
doktoren,4
middagssøvn,4
nytte,4
uret,4
års,4
middel,4
fugl,4
mørkningen,4
stranden,4
kasse,4
punkt,4
blomst,4
logi,4
tillykke,4
kartoflerne,4
fyraften,4
stormen,4
div,4
papier,4
pakkepost,4
sække,4
flyverne,4
fra,4
juleaftensdag,4
færd,4
kvinder,4
bjærge,4
smadder,4
rygter,4
skove,4
brevpapiret,4
æblerne,4
tekst,4
hytte,4
tjænere,4
håndgranater,4
gødning,4
hegn,4
feldpoststation,4
bestilling,4
påskedag,4
forårsarbejdet,4
lysthus,4
soldaterhjem,4
bluse,4
henseende,4
forslag,4
slange,4
pindsen,4
koffer,4
afkald,4
marmolade,4
klaveret,4
indflydelse,4
efterår,4
caffe,4
salon,4
kirkegård,4
res,4
bryllupsrejse,4
bjærgene,4
   ,4
%,4
underoffz,4
støv,4
lærred,4
lopper,4
fruen,4
kommandoen,3
mejeriet,3
broder,3
sags,3
støtte,3
times,3
udvej,3
fart,3
oplæsning,3
fotografier,3
vejene,3
kopfuld,3
isen,3
posen,3
plet,3
ungdom,3
kovert,3
chokolade,3
grød,3
havren,3
dansen,3
spillet,3
foredrag,3
?,3
session,3
bogen,3
frihed,3
sorger,3
indblik,3
kærester,3
ja,3
tummel,3
ansvaret,3
fordringer,3
kost,3
postvæsenet,3
rumlen,3
selvbinderen,3
længsel,3
havre,3
korporalskaber,3
lønnen,3
gefreiteren,3
kommen,3
kasernen,3
knepkager,3
julevejr,3
marsch,3
klude,3
øllet,3
troskab,3
øvelsesplads,3
skridt,3
hoser,3
teater,3
kejseren,3
ordre,3
til,3
pjat,3
skulderen,3
ordrer,3
udklip,3
dr.,3
straf,3
leutnanten,3
skydning,3
sø,3
søen,3
bygninger,3
cyklister,3
opsigt,3
skabene,3
geværet,3
parts,3
forårstiden,3
hjemrejsen,3
smut,3
ferie,3
parolen,3
rekrut,3
behold,3
drenge,3
borde,3
løberi,3
posthuset,3
pundet,3
øvelse,3
sengene,3
kulden,3
sengs,3
håndfuld,3
forestilling,3
tungen,3
minut,3
civil,3
handel,3
pudser,3
klage,3
gr.,3
kugle,3
division,3
dragoner,3
magter,3
kiks,3
morges,3
befolkningen,3
tegnebog,3
vorherre,3
skur,3
forposter,3
anmarch,3
løbet,3
såret,3
ære,3
alkohol,3
dækning,3
tee,3
strabadser,3
rygsæk,3
feldpostpakke,3
forskel,3
skjorter,3
armee,3
kusken,3
salt,3
kanontordenen,3
navnene,3
kager,3
med,3
korps,3
spænding,3
køreri,3
postsagerne,3
brigadestaben,3
frokost,3
retninger,3
fødevarer,3
præsten,3
lærer,3
afgørelse,3
aal,3
vers,3
k.,3
flod,3
skorstenen,3
blod,3
feldkøkken,3
gyngestolen,3
juletræet,3
forskellen,3
thelephonen,3
nadveren,3
køkkenen,3
hare,3
hjørnet,3
cigarerne,3
høj,3
tropperne,3
maskingeværer,3
cm,3
kolera,3
mave,3
julepakke,3
brig,3
hovedpude,3
fuldskæg,3
felten,3
følge,3
meter,3
omgang,3
kakao,3
lazaret,3
seler,3
søsteren,3
kvinde,3
leer,3
virkeligheden,3
bænke,3
hunger,3
bunden,3
læge,3
småkager,3
kaffetid,3
mul,3
bytte,3
klokken,3
skoene,3
sprog,3
østfronten,3
avisen,3
krigens,3
restaurant,3
mandskabet,3
stok,3
san,3
skæbnen,3
rødegrød,3
hovedkvarteret,3
råd,3
ålen,3
skudsmål,3
sølvbryllup,3
trafik,3
vugge,3
udveje,3
lus,3
cakao,3
revier,3
skinken,3
mangler,3
bekendt,3
øst,3
baner,3
rolle,3
listen,3
vinterhistorie,3
aftensmaden,3
adjudant,3
linned,3
armen,3
lommekniv,3
sæk,3
højden,3
børnene,3
brænde,3
plade,3
ben,3
hulen,3
brevpost,3
vintervejr,3
majorens,3
bunke,3
hesten,3
skylden,3
torden,3
have,3
rede,3
køretur,3
personer,3
blikke,3
kreaturerne,3
osten,3
forberedelser,3
bagsiden,3
vinduer,3
birketræ,3
officers,3
krittet,3
historie,3
spiritus,3
stabslæge,3
flok,3
tingene,3
hede,3
høns,3
død,3
egnen,3
offensive,3
kludder,3
krigsår,3
meddelelse,3
bekymringer,3
ordet,3
båndet,3
musik,3
fornøjelsen,3
såler,3
skole,3
engene,3
bondekone,3
batt,3
stempel,3
forsinkelse,3
pf,3
grus,3
spring,3
ski,3
civilbefolkningen,3
kuld,3
bedring,3
begyndelsen,3
dygtighed,3
kino,3
tilbehør,3
vanskeligheder,3
theatret,3
vindu,3
franskmandens,3
salat,3
artillerie,3
blyandt,3
snøresko,3
skovlager,3
slottet,3
rigsdagen,3
rulle,3
offz,3
snaps,3
agenterne,3
degnen,3
fl.,3
afgang,3
postkort,3
offensiv,3
rygte,2
dyrskuet,2
modstandskraft,2
forkølelsen,2
fremmede,2
hjertet,2
rygterne,2
bedstemor,2
bolden,2
koager,2
kuverter,2
ørerne,2
frø,2
bænk,2
formand,2
ventesalen,2
samtale,2
maade,2
stalde,2
referat,2
øjeblikket,2
tysker,2
mel,2
bakke,2
undergang,2
skønskrift,2
fredagen,2
kavringer,2
kampen,2
kåvringer,2
brevbærer,2
ringen,2
10-toget,2
baldame,2
balkonen,2
diskussion,2
kammeret,2
stolen,2
højskole,2
opvisning,2
nøden,2
lommeur,2
sønderjyder,2
tråden,2
scenen,2
gymnastikopvisning,2
sundhed,2
håndværkerne,2
knegte,2
leg,2
links,2
hundrede,2
bægge,2
engelsk,2
bøgegrene,2
håret,2
herskabet,2
køer,2
grundlovsfest,2
karlen,2
selvbinder,2
banegård,2
pakvognen,2
ærinde,2
rug,2
egne,2
søstre,2
bekendtskab,2
udflugter,2
undskyldning,2
nabo,2
garn,2
vindstød,2
mure,2
volde,2
kunsthonning,2
geleddet,2
knap,2
smed,2
purnpen,2
stuerne,2
skrædderen,2
kram,2
træk,2
dec,2
ture,2
korporal,2
hjemmets,2
lethed,2
eventyr,2
vis,2
lås,2
himmelknog,2
jydens,2
sejghed,2
søvrens,2
sjøv,2
redskaber,2
top,2
tå,2
rekrutbesigtigung,2
rekruttid,2
is,2
svaret,2
hakkelseskisten,2
revieren,2
hane,2
parade,2
bøf,2
grog,2
festen,2
statue,2
baggrunden,2
bajonet,2
hjælm,2
franskbrød,2
uddannelsen,2
hønsekød,2
ledertøj,2
pintsen,2
tankestreg,2
soldaterlivet,2
pølser,2
kommandantur,2
overgang,2
strafekserceren,2
postanvisning,2
betingelser,2
regning,2
porten,2
forbinden,2
luftfartøjer,2
forsøg,2
skulder,2
motoren,2
skydeskolen,2
hage,2
tændstik,2
pløjemand,2
landmand,2
hytten,2
festlighed,2
forespørgsel,2
portoen,2
sanglege,2
cykletur,2
gavn,2
morgenkaffe,2
4-toget,2
ordenans,2
gefreiter,2
førelse,2
mærker,2
kufferten,2
rideskolen,2
gænger,2
ansigter,2
politiet,2
mode,2
moder,2
feldwebel,2
feldwebler,2
natøvelse,2
løb,2
tømmen,2
musketier,2
spisning,2
manøvren,2
batteljonen,2
vagtstuen,2
sommerdag,2
træer,2
bøgetræer,2
besøget,2
krat,2
madvarer,2
afslag,2
områder,2
oberstleutnanten,2
torsdagen,2
jæger,2
arbejdshest,2
spørgsmålstegn,2
æggepandekage,2
udsovet,2
oplag,2
barakker,2
præmie,2
soldatertiden,2
regimentet,2
regimentsmusikken,2
føden,2
fingrene,2
fodboldfest,2
boldpladsen,2
mulighed,2
forlovelse,2
herren,2
byg,2
                ,2
kosakker,2
feldvagt,2
taske,2
skrivestue,2
glæden,2
beskyttelse,2
franskmændene,2
patrulje,2
russe,2
skjorteærmer,2
købmand,2
patruljer,2
fjendens,2
lemmer,2
sol,2
slagmark,2
vedkommende,2
halmen,2
vejgrøft,2
fjender,2
føde,2
pålæg,2
afgørelsen,2
linen,2
spise,2
hed,2
granaterne,2
bugt,2
arme,2
kom,2
shægtobak,2
dansker,2
levnedsmidlerne,2
bøn,2
knapperne,2
korset,2
husets,2
huller,2
soveplads,2
hestedække,2
linjen,2
hestetjænere,2
gærning,2
lommelampe,2
postsending,2
lyn,2
veste,2
indhold,2
døgn,2
livs,2
feltkøkken,2
vilje,2
kinden,2
bededag,2
opholdssted,2
østerrigerne,2
udheld,2
træerne,2
julepakkerne,2
sofa,2
honningkage,2
troppetransporter,2
rytter,2
melderytter,2
oksekød,2
talg,2
skrivepapir,2
salmebog,2
koner,2
sind,2
sump,2
vinterkvarter,2
kredse,2
folket,2
salmer,2
mavebælten,2
feldposten,2
mavepine,2
apoteket,2
lommetørklæder,2
dyne,2
jøderne,2
fodfolk,2
højen,2
overmagt,2
understøttelse,2
vare,2
lazaretter,2
tilsætning,2
hjærte,2
krigslazaret,2
kor,2
gullasch,2
nudeln,2
suppe,2
ris,2
lods,2
sild,2
tavle,2
chef,2
fiber,2
omslag,2
sidekammerat,2
hønsekødet,2
laz,2
sygdomme,2
hjærtemuskelsvækkelse,2
postvæsnet,2
lagkage,2
dynen,2
ål,2
gade,2
gymnastiksalen,2
honningen,2
påskepakke,2
godnat,2
thelegraferet,2
garnisonslazaret,2
billed,2
hotellet,2
vrøvl,2
billedside,2
vagthavende,2
hjørnen,2
lommetørklæde,2
liste,2
tidsfordriv,2
roser,2
kammerats,2
munition,2
militærlivet,2
revision,2
underofficertjæneste,2
militæret,2
hilsenen,2
hatten,2
indkvartering,2
blomsten,2
stop,2
korp,2
kam,2
rosen,2
glasset,2
damer,2
tegn,2
søndagsvejr,2
aftenstund,2
udlovstanker,2
spor,2
fødselsdage,2
fører,2
vesten,2
vintertøj,2
søm,2
krøbling,2
fædreland,2
undertrøje,2
tæpper,2
nutiden,2
spisevarer,2
proviantamt,2
proviant,2
kurv,2
landevej,2
seddel,2
tilværelse,2
bestemmelsessted,2
vinterbolig,2
forsiden,2
dienstgrad,2
trykposten,2
bolig,2
infanterist,2
homøret,2
thelefonister,2
etage,2
nov,2
bål,2
grangrene,2
omfang,2
fyrsted,2
kampesten,2
jordhus,2
drømmene,2
måder,2
granstammer,2
blyandten,2
homør,2
lædertrøje,2
fag,2
forhæng,2
benklæder,2
reg.kommandanten,2
begyndelse,2
december,2
bænken,2
kugleregn,2
lever,2
postvognen,2
ramme,2
censur,2
feldlaz,2
tunge,2
sækfuld,2
træet,2
gryden,2
snefog,2
gave,2
julesalmer,2
julehilsen,2
liter,2
sporet,2
julepost,2
kvarteret,2
bevægelse,2
dør,2
gr,2
blikdoser,2
butikken,2
jan,2
under,2
lejligheden,2
granathul,2
tilføjelse,2
natlogi,2
raserapparatet,2
tøvejr,2
natur,2
thelegrammet,2
køreplan,2
minutters,2
stillingskrig,2
standsning,2
sundheden,2
eydtkunen,2
sennep,2
feldbrev,2
varer,2
konov,2
alarm,2
imiddag,2
efterskrift,2
lampen,2
musiken,2
plove,2
virksomhed,2
birkestammer,2
storken,2
hule,2
batteriet,2
øltønder,2
revolveren,2
skrivepapier,2
stammer,2
udseende,2
signal,2
gennemsnit,2
kreatur,2
påskefest,2
børste,2
område,2
håndtørklæde,2
grødevejr,2
marsk,2
haveanlæg,2
lysthuset,2
oberstleutn,2
værelset,2
plage,2
nærhed,2
kampflyver,2
småbanen,2
raden,2
ring,2
salen,2
tønder,2
faneflugt,2
alvor,2
nykker,2
udsigt,2
forandringer,2
fodbolden,2
sporten,2
kornet,2
fotografiet,2
søslaget,2
syge,2
märsk,2
bedstefar,2
kyllinger,2
søs,2
lande,2
kreaturvogn,2
pindsedag,2
bjærget,2
infanteriet,2
granat,2
kampflyvere,2
hestesukker,2
forsamling,2
linierne,2
etappen-kommandantur,2
mærke,2
jernportion,2
herligheden,2
rad.,2
landst,2
flasker,2
photografi,2
afløsning,2
har,2
         ,2
rummel,2
love,2
ovn,2
kontrollen,2
polakker,2
heftet,2
artikel,2
stjamp,2
svinekød,2
efterårsvejr,2
godstog,2
forbavselse,2
feldmøts,2
spærren,2
photograf,2
spejl,2
overs,2
gader,2
feldkøkkenet,2
fluer,2
målestok,2
understaben,2
stude,2
dagbog,2
kloster,2
orlover,2
høvlespåner,2
døtre,2
tone,2
bestemmelse,2
gilder,2
afdeling,2
forklaring,2
tilrejsetilladelse,2
fods,2
concert,2
herrerne,2
kortene,2
togene,2
ordene,2
fabrik,2
hovedbanegård,2
telegram,2
rejsetilladelse,2
besværligheder,2
vinduerne,2
køreplanen,2
bords,2
s.grænsen,2
rødvin,2
pose,2
pigen,2
reisen,2
cafe,2
edelstene,2
afveksling,2
kinografen,2
brancher,2
vandring,2
drikkepenge,2
stork,2
salatet,2
hotelejer,2
kvisten,2
omvæltning,2
vintersager,2
heeresberetningen,2
fabriken,2
chocoladen,2
hovedkvarter,2
musene,2
adspredelse,2
forfatning,2
granater,2
telt,2
k,2
stollen,2
fætter,2
professor,2
fru,2
krigsunderstøttelse,2
farvefoto-postkort,2
casinoet,2
solopgang,2
vodder,2
kæmpe,2
fragtgods,2
hæren,2
omstændigheder,2
mangel,2
bibliotek,2
vel,2
bratkartofler,2
agurkesalat,2
pærekompot,2
sjov,2
sending,2
regningen,2
tandpine,2
luftplaner,2
sæben,2
kakelovnen,2
kartoffelmel,2
kælderen,2
stampe,2
kvartererne,2
sovekammerat,2
aviserne,2
udordning,2
brevpapieret,2
papieret,2
lykønskningen,2
meddelelsen,2
forkølelse,2
ridehest,2
tråd,2
fårepels,2
dåben,2
cakaoet,2
avisforretning,2
kul,2
forretninger,2
kolonne,2
elendighed,2
hårdbørste,2
englænder,2
feldw,2
langfredag,2
fuglesang,2
sommertøj,2
marchen,2
kampe,2
formue,2
englænderen,2
streg,2
regt.kom,2
foraaret,1
rygtet,1
snakket,1
stien,1
gaansager,1
ryslinge-kammerater,1
skjælm,1
gaarden,1
landbrugskandidat,1
graansager,1
bedstemoder,1
ringridningen,1
række,1
record,1
skibelundfesten,1
gardisten,1
kjøbenhoved,1
lier,1
rejsegildet,1
roerne,1
jakke,1
hoager,1
opmuntring,1
diletanten,1
mandatet,1
humor,1
forhaand,1
samtalen,1
november,1
ungdomsforeningen,1
oplæsningen,1
federen,1
skriverier,1
barselsgilde,1
spørgsmaalet,1
fotografen,1
kultur,1
julefred,1
sideflæsk,1
læsekursus,1
skjæbne,1
bymanden,1
malerens,1
haand,1
pasiar,1
nar,1
traaden,1
ungdomsmøderne,1
delene,1
barselsgildet,1
vodder-spandet,1
bagen,1
forklaringen,1
elefant,1
flue,1
dilletant,1
situtation,1
frifeid,1
forestillingen,1
generalprøve,1
gulvlak,1
krattet,1
forholdet,1
synskredsen,1
dal,1
bjerg,1
dale,1
maaneder,1
redningsbaaden,1
skib,1
damehaandskrift,1
gækkerne,1
gækkebrev,1
skudaaret,1
hansker,1
sky,1
udstyret,1
konkurrencen,1
apr.,1
sokolade,1
dyrskue,1
høstemaskine,1
kammerslusen,1
motorbaad,1
baaden,1
dampmaskiner,1
kosmorama,1
fantasi,1
livret,1
mistanke,1
age,1
kroen,1
efteraarsfest,1
fællesforeningen,1
chokoladen,1
helbred,1
langlænder,1
gaard,1
venskabs,1
haab,1
venskab,1
maaneden,1
jordbær,1
kirkesogne,1
mage,1
pigeholdet,1
gymnastikbøger,1
diletant,1
læsning,1
forlovelseskort,1
hatte,1
kjesten,1
østergaarden,1
skolens,1
bogbinderen,1
begravelsen,1
træstub,1
delingsførermøde,1
vaskekonen,1
hvidkålshoved,1
sangforeningen,1
legeme,1
meldepas,1
nættet,1
østkysten,1
turnlærer,1
afholdssagen,1
kant,1
genboerne,1
karlene,1
overkommandoen,1
skuldre,1
østpreusen,1
fastelavn,1
enkeltmand,1
gvmnastikkonkurrence,1
misforståelser,1
misforståelse,1
regnetime,1
veninde,1
fastelavnen,1
stæder,1
klip,1
kr.,1
regnskab,1
anbefaling,1
beråd,1
forkarl,1
masser,1
frifeldterne,1
tillidshverv,1
fynboer,1
småfolk,1
klubpigerne,1
sommerhat,1
færgerne,1
dampere,1
fløjten,1
ekspræstogene,1
1l-toget,1
sti,1
kopasser,1
røgteren,1
vanen,1
grundlovsdag,1
taler,1
dialekt,1
musikanter,1
nattergalen,1
pavillon,1
hvinen,1
badetur,1
tåge,1
kobesætningen,1
kredit,1
hestes,1
katalog,1
tolden,1
forvogn,1
selvbinderværk,1
binder,1
flyveblade,1
jern-baneudlykke,1
konduktør,1
drengs,1
bygden,1
ærmerne,1
trikko,1
undskyldningerne,1
trækpapiret,1
kurs,1
damp,1
selskab,1
pigeansigter,1
kompliment,1
legen,1
lysttur,1
skyttefest,1
1½,1
fodboldbal,1
billet,1
bestyrer,1
kusine,1
fiskere,1
bæltet,1
båden,1
svømmere,1
adresse,1
frikadellerne,1
besvær,1
kødvarer,1
stueældsten,1
anlæg,1
faders,1
å,1
morgensysselen,1
bagerkone,1
rundstykker,1
stuerevision,1
tjænestebukser,1
driltøj,1
feldartillerist,1
søer,1
grøfter,1
drættet,1
danskerne,1
skydningen,1
skydebanen,1
vaskefadene,1
kanten,1
kunde,1
skitte,1
snapskantinen,1
garnityr,1
klingen,1
jordvold,1
søndagsbukser,1
fingerhandsker,1
ribben,1
svesker,1
kadetter,1
landets,1
kanter,1
radov,1
indskrivebrev,1
østen,1
urlovspas,1
nytårsdag,1
afslutningen,1
julebesøg,1
tornister,1
skriverstuen,1
gefreider,1
grænseby,1
regimentstaben,1
anker,1
harekød,1
stævne,1
vinterøvelse,1
stalder,1
bom,1
kil,1
marcher,1
jyden,1
pynten,1
trappe,1
gårdhandel,1
ligsang,1
sved,1
grader,1
kommunforstander,1
kostald,1
blikkenslager,1
tornysteret,1
værksted,1
skarn,1
hakkelsen,1
kampøvelsen,1
rejsepengene,1
batalionen,1
kejserens,1
gratis,1
teateret,1
befalingsmænd,1
lørdagen,1
fætterspisning,1
tæppet,1
mengder,1
stuekammerater,1
besigtigelsen,1
gentagelser,1
alverden,1
smørpotte,1
hilser,1
omegn,1
sommertid,1
.besigtigungen,1
sømmene,1
anerkendelse,1
medalje,1
korporalstab,1
potter,1
arbejdskammer,1
tøfler,1
underoffi-cerne,1
ekserseren,1
hønen,1
skandale,1
forarbejde,1
forberedelserne,1
krøllerne,1
løvnet,1
ordsprog,1
stunder,1
paasken,1
besigtelse,1
dilletanten,1
krone,1
skarpskydning,1
oppasser,1
pudsen,1
staldtjæneste,1
banden,1
at,1
fastelavnsboller,1
landdagen,1
driltrøje,1
småpillerie,1
magen,1
gefrejden,1
belønningen,1
rest,1
skydefeldveblen,1
porte,1
vagtbesigtigung,1
spion,1
arrestant,1
mantier,1
kvadratsten,1
æren,1
skyerne,1
nordvest,1
fantasier,1
mandskab,1
ledelsen,1
generaler,1
tilskuere,1
kommandant,1
fridag,1
bøse,1
vice,1
følgeskab,1
tegning,1
flesk,1
mellemad,1
cyklerengøringen,1
fordele,1
djævel,1
rekruttiden,1
piberne,1
tandbørsterne,1
smørrebørste,1
fjerdedel,1
barnedåb,1
bædre,1
gymnast,1
opvisningerne,1
sammensætning,1
høstudlov,1
fortræd,1
hænder,1
apel,1
skræk,1
rykkeri,1
korperalstab,1
gymnastikdragt,1
kinder,1
delsesfeber,1
delingsførerkursuset,1
forudsigterne,1
djævelforeninger,1
medlem,1
bed,1
cykelundervisning,1
bi,1
seglmærke,1
barselsgilden,1
slagteriet,1
ekcerserere,1
krigskort,1
tor-nysteren,1
sommervejr,1
byt,1
rideheste,1
barselgildet,1
rnange,1
skældsord,1
skivearbejde,1
gendarmen,1
sikkerhed,1
feldvebler,1
hanen,1
altsamnen,1
krumspring,1
kartoffelsup,1
frikaddeller,1
kejser,1
ed,1
rige,1
sindelag,1
regimentsmus,1
højtideligheder,1
højtidelighed,1
puds,1
pikkelhue,1
skranken,1
sangen,1
hovedtingene,1
tjenestetøj,1
geled,1
drilltøj,1
fødselsdagshilsenen,1
karbonaden,1
patrolje,1
græsmarker,1
hænderne,1
bøssen,1
jenser,1
vagter,1
irettesættelse,1
klasse,1
komp.besigtigung,1
besigtigungen,1
ledertøjet,1
landsby,1
kro,1
smedie,1
skillingerne,1
retter,1
pakning,1
end,1
beslagsmed,1
officersmedien,1
trær,1
middagsstunden,1
dvale,1
gefægtsordonans,1
manøveret,1
førerne,1
korap,1
arysturen,1
margarine,1
voldene,1
søgnedag,1
f,1
halv,1
kende,1
komp.skriveren,1
kommanderende,1
dobbelpost,1
garnitur,1
kejserhof,1
skilderhuse,1
syrener,1
dobbelposten,1
udlovene,1
klang,1
pinsemorgen,1
chafør,1
fotografangst,1
fotograferingen,1
højskolen,1
erfaring,1
pinsedagsaften,1
svigerforældre,1
plejedatter,1
gangs,1
ørken,1
tvang,1
soldatenbrief,1
stofmangel,1
appelsin,1
komp.ekserceren,1
eksercerdragt,1
tumlen,1
radsåmaskine,1
reparation,1
søerne,1
trykkommando,1
linje,1
skilderhuset,1
vingel,1
afstedet,1
aars-mødedag,1
prospekt,1
øvelsen,1
kogeapparatet,1
blærer,1
skindet,1
barakke,1
divisionsøvelse,1
røre,1
turnen,1
specialitet,1
prisen,1
sparekassen,1
udlykker,1
badningen,1
kanal,1
knædybde,1
kilde,1
spænd,1
fordel,1
armeen,1
agrene,1
spidsen,1
køkkener,1
\udloven,1
regiments-ekserceren,1
tjænestedage,1
sygehuset,1
overanstrængelserne,1
aarsmødet,1
fode,1
kantine,1
tallerkenfuld,1
løtzen,1
nys,1
uddannelse,1
rejsepenge,1
spisekammeren,1
sovs,1
sviner,1
1-tiden,1
forglemmigej,1
arbejdstjeneste,1
hi1sen,1
sindet,1
østerlindet,1
bejer,1
hauptmenden,1
kommandanturet,1
tilbudet,1
hælmen,1
tjæneren,1
ølstuen,1
pinds,1
kompagniet,1
søndagstøjet,1
rettighed,1
skuffelse,1
tilbud,1
maler,1
gefreiten,1
kagekonen,1
natuniform,1
krigstilstand,1
armekor,1
kompagni,1
armékorps,1
beboernes,1
brand,1
folkevandring,1
uniform,1
markerne,1
mantler,1
lyk,1
automobiler,1
millioner,1
maskiner,1
indskriverbrev,1
folkene,1
bagagevognene,1
verdenen,1
kirkeklokken,1
armekorps,1
kosakkerne,1
buroer,1
tjænestetid,1
rådhuset,1
tårn,1
kamisbrød,1
kyllingen,1
kogepotte,1
barndomshjem,1
fantasien,1
hjørnevinduet,1
sandbjærg,1
bager,1
cyklene,1
købmandsforretning,1
kvartervært,1
beboerne,1
kanontorden,1
bulder,1
provianten,1
nudtidskrig,1
vandmølle,1
dragonpatrul,1
je,1
meldingen,1
agt,1
fjendemasse,1
ynk,1
resultatet,1
jammer,1
dannebrogskorset,1
aug.,1
vestpreussen,1
busk,1
fødevare,1
levvel,1
postfor,1
bindelse,1
træfninger,1
bagadse,1
officerskofferter,1
mundfulde,1
gefægte,1
sølvtøj,1
dårlighed,1
mindstens,1
telte,1
kanon-tordnen,1
grænsebeskyttelse,1
kålrabi,1
ancioser,1
skriverkone,1
amtsrettet,1
krigsfolk,1
rør,1
korsvejen,1
trøst,1
granskove,1
sproget,1
banefarten,1
komme,1
lederjakke,1
ærmer,1
rygetøj,1
hjælper,1
militær,1
opmarsch,1
gudsforhold,1
opdragelse,1
tvil,1
lederveste,1
opmarch,1
badgadsen,1
pengemedler,1
postpenge,1
brigade,1
zigeunerliv,1
potte,1
længsler,1
modsætning,1
kvæg,1
baron,1
serganten,1
motorfolk,1
vandringen,1
flanken,1
forkøb,1
blæk,1
amtsretsbygning,1
madradser,1
badgadse,1
undergerninger,1
bygningen,1
gramophon,1
pandekagerne,1
sædekornet,1
månen,1
bordenden,1
thøjsen,1
grovheder,1
pande,1
festmåltid,1
kæden,1
knippe,1
henfarten,1
meldeordonans,1
juletanken,1
ordenanser,1
underofficerne,1
østpreuser,1
telephonen,1
hånd-tørklæde,1
øreklapper,1
skaden,1
kanonaden,1
enkelhed,1
3-fagsstue,1
trækasser,1
sergant,1
befehlsausgabe,1
pilleri,1
reglen,1
hovedarmé,1
nyheder,1
gudstjæneste,1
kreds,1
spurv,1
firkant,1
tordenrøst,1
skuespiller,1
komiker,1
artillerister,1
skumringen,1
mørke,1
tællelys,1
sætning,1
linjerne,1
tere,1
opmarchen,1
fabriksby,1
elektrisksporvogn,1
spinatsuppe,1
svinesteg,1
lansestik,1
cig,1
efterretning,1
tilfange,1
barndom,1
juleferie,1
somren,1
juledagene,1
thelephonmandskaber,1
omvej,1
juleevangelium,1
forhåbning,1
hyrderne,1
juleaftensnadver,1
tos,1
høne,1
teksten,1
stands,1
ning,1
scene,1
h,1
julemorgen,1
juleoplevelsen,1
thelephonister,1
landværnsmænd,1
knarker,1
bummert,1
nytårs,1
nytårsaftener,1
sten,1
kødet,1
julegren,1
julekort,1
nødder,1
støvlesåler,1
cacaovyrfle,1
pebermynte,1
salmiak,1
julebog,1
insektpulver,1
apperatet,1
gesant,1
stabsofficerer,1
kittel,1
træskoene,1
ringeri,1
munitionsforbrug,1
østenvind,1
marker,1
tørvemose,1
forråd,1
jagt,1
gryde,1
køkkenmandskabet,1
kassefuld,1
munitionstrans-port,1
fløjene,1
mørsere,1
ilfart,1
kajseren,1
resultater,1
siderne,1
thelephon,1
aftensange,1
aftensang,1
lomkniven,1
hyggen,1
gigt,1
friv,1
gymnasiallærer,1
skollærer,1
dyrene,1
renligheden,1
kolerafaren,1
ribbensteg,1
hvidkål,1
mavepinen,1
hvidkålen,1
blyanter,1
blækstift,1
blåstift,1
cognacflasker,1
smitten,1
te,1
underbukserne,1
honningkager,1
bundter,1
felt,1
lagen,1
soveværelse,1
postvæsen,1
d.,1
stoppelse,1
lapper,1
bugskade,1
overenskomst,1
pengesækken,1
syghuset,1
mavekartar,1
konvolut,1
kampene,1
                                                                                                                                              ,1
pr.,1
januar,1
rækker,1
mørkets,1
frembrud,1
brigadechefen,1
telefonværelset,1
infanteriild,1
telefonen,1
indledningen,1
brigadeadjudanten,1
artilleriild,1
gære,1
reservebatailloner,1
skyttegrav,1
trompeten,1
bajonetten,1
kolben,1
hornist,1
trompet,1
kugler,1
æble,1
tyfus,1
faren,1
saniteter,1
transporttoge,1
tændstikke,1
stik,1
sanitætsvæsnet,1
middagslur,1
leerpiben,1
konvolutten,1
sporvognen,1
vasketøj,1
køkkentøj,1
gyngestol,1
10-tiden,1
farten,1
sanitætssoldat,1
tyfusen,1
hospitalet,1
sardiner,1
-spisesettel,1
abrikose,1
tvebakssuppe,1
gulerøder,1
ris-suppe,1
ris-vælling,1
ærter,1
kalvesteg,1
fiskværk,1
takkekort,1
udtøjet,1
militærtvang,1
måltiderne,1
hungeranstalt,1
styk,1
flag,1
fibertabelen,1
tavlen,1
diæt,1
undersøgelse,1
diætkost,1
fiskepostej,1
syltetøj,1
dokteren,1
metode,1
spisekammer,1
berlinerblad,1
ministrene,1
                                  ,1
batterierne,1
skrifter,1
sul,1
levermaden,1
klud,1
tungpølse,1
butikker,1
byttehandel,1
fiskemad,1
fiske,1
okse,1
kalvekød,1
sygevogn,1
feltlazaret,1
forkøling,1
citronvand,1
forlangen,1
kasten,1
fiberen,1
anbefalinger,1
røntgenstråle,1
stemmen,1
sygehistorie,1
lægerne,1
luftrørskatarr,1
lazlivet,1
chocoladekage,1
filttøfler,1
hustru,1
mug,1
hovedpine,1
vildelse,1
bevidsthed,1
ringkæmper,1
kridtpiben,1
oplysning,1
generalkommandoen,1
saus,1
besøgets,1
påskeæg,1
korridoen,1
anstillinger,1
udgangen,1
sørgeklæder,1
øre,1
ørebetændelse,1
genstand,1
overlægen,1
patient,1
dagstid,1
ordenen,1
lazaretten,1
postvæsnets,1
forårsluften,1
karpaterne,1
trykpost,1
spadseregang,1
backer,1
armbånd,1
ansigtet,1
speciallæge,1
uddannelsespersonalet,1
perioder,1
lægeattest,1
fødselsdagsgaven,1
halsbind,1
krigsskuepladsen,1
urarmbånd,1
underofficerposten,1
kreaturmask,1
idræt,1
olding,1
preparanterne,1
forårstid,1
landmændene,1
garnisonsby,1
rekrutlærpersonal,1
fæstningsarrestanter,1
felriveblen,1
bidrag,1
sum,1
herredage,1
sergent,1
krigslønning,1
underofficerstjæneste,1
udlovspassene,1
civilist,1
udflugtsted,1
italienerne,1
hast,1
havestolen,1
førdring,1
underofficeraspirant,1
pudsetøj,1
underofficermyts,1
militærførerne,1
planen,1
motor,1
dagligstue,1
krigsskueplads,1
dykkert,1
tumult,1
slør,1
tabslisterne,1
knivstik,1
bryst,1
fotografie,1
lader,1
ugestid,1
alpenkoret,1
alfald,1
rette,1
embedsmand,1
krog,1
10.dag,1
bumlerie,1
opsigten,1
officerkursus,1
kamrater,1
strosæk,1
theaterbygning,1
bynen,1
kamret,1
fodboldstøvler,1
molør,1
ekcercerpladsen,1
hovedskud,1
slagmarken,1
dril-jakken,1
driljakken,1
bæger,1
kugleregnen,1
depoen,1
homør-,1
oksesteg,1
blomkål,1
kafee,1
afsløringsfest,1
fritiden,1
geværrengøring,1
kafeen,1
fad,1
æske,1
mejske,1
park,1
maskine,1
marschpapirer,1
træsser,1
bok,1
potsdampladsen,1
hovedvagten,1
sølv,1
spads,1
pensionat,1
kursuset,1
undervisning,1
iaften,1
marchpapirer,1
minutte,1
instrumenter,1
rekrut-korporaler,1
romlen,1
nettet,1
kane,1
nattens,1
søndagshilsener,1
jøde,1
skile,1
zalmester,1
proviantautos,1
trug,1
proviantamtet,1
bjælken,1
moderen,1
træhus,1
vindues-ruder,1
thelegrafere,1
oberkommandoen,1
stadkommandanturen,1
amtet,1
reg.kommandøren,1
              ,1
formation,1
offensiver,1
malør,1
pibespids,1
hyldetræ,1
træpibe,1
mofediser,1
apparat,1
armébefaling,1
oktober,1
formarch,1
kartoffelhus,1
afsky,1
respekt,1
spisevarerne,1
sav,1
landstorm,1
fremtidsmål,1
sølvbryllupsdag,1
landv,1
pastor,1
feldprædikant,1
nationer,1
thelefonisterne,1
ildsted,1
indbyggerne,1
skæg,1
gullash,1
kavalleri-division,1
uges-tid,1
kavalleristen,1
lønninger,1
strøjet,1
forlag,1
korm,1
hjærtet,1
skabe,1
kommandøren,1
flæskebø,1
teltet,1
dækken,1
mandelen,1
kakkelovnsmand,1
skilte,1
sandveje,1
renlighed,1
husejer,1
tålmodighed,1
kule,1
affald,1
ejer,1
omstænderne,1
kilm,1
understand,1
lejet,1
natteleje,1
sølvbrylluppet,1
skriveborg,1
klump,1
stakkel,1
thelefonen,1
landstorm-mand,1
viljen,1
hjørnerne,1
jordhytten,1
sengesteder,1
ruder,1
lyseholder,1
susen,1
knaldet,1
dannevirke,1
spørgsmålet,1
samliv,1
vedmod,1
gråd,1
appetitten,1
hestestøv,1
røgen,1
røgsøjlen,1
træstamme,1
forfremmelsen,1
keks,1
fremtidsplaner,1
grankogler,1
avisholder,1
bogreol,1
automobil,1
blik,1
galoske,1
ravnholdervej,1
i.d.,1
trommelild,1
maskingeværen,1
pladsen,1
pension,1
bøgerne,1
mynter,1
g,1
uldtøj,1
zahlmester,1
benyttelse,1
polskkniv,1
badehus,1
afrejsen,1
instrument,1
luftkanoner,1
portrætramme,1
photografier,1
granæbler,1
brevskrivning,1
villaer,1
padlasser,1
julestads,1
julelys,1
pynt,1
officerkøkkenet,1
postmesterdatter,1
kunstlys,1
maskingeværkomp,1
kalkpibe,1
pladefejl,1
landkort,1
prospektkort,1
honningpotter,1
tørring,1
borddug,1
cigarkasse,1
lysholder,1
porcelæns,1
gedebuk,1
sukkerkop,1
spiseskeer,1
vænstre,1
jordhule,1
juleharen,1
julekasse,1
juletrækurve,1
ar,1
vejlængden,1
fåreskindspels,1
hovedbeskytter,1
julesalme,1
reg.musikken,1
hviledage,1
mundfuld,1
juletræer,1
beskæftelse,1
verordnungsblad,1
fransk,1
hefter,1
piktråd,1
beklædningsstykker,1
krigstid,1
konfekt,1
marcipan,1
skik,1
tekniker,1
sprit,1
1/4,1
udlovstransporttog,1
rg,1
fr.,1
biting,1
juleaftensnadveren,1
gårdmand,1
adgang,1
dur,1
elevhæftet,1
h.sk.bladet,1
færde,1
udvejr,1
hovedbygningen,1
hvertfald,1
klebberi,1
ølpotten,1
kakkelovnskrogen,1
madsen,1
krammet,1
slæde,1
kakkelovne,1
barberapparat,1
barberknive,1
ravn-holdvejen,1
talglys,1
vinden,1
udbygning,1
fyrbøder,1
snestorm,1
hullet,1
°,1
myrderie,1
postsække,1
troppemasse,1
tyrkerne,1
bulgarerne,1
dardanellerne,1
thelephonforbindelsen,1
fredsgnist,1
offentligheden,1
nej,1
skrift,1
udlovspas,1
krikker,1
buddingen,1
budding,1
skorstensrøret,1
eydtkuhnen,1
aufgenommen,1
undervande,1
hestestalde,1
thelephonisterne,1
sigt,1
hestenes,1
hjemegnen,1
lyskasterne,1
himmelen,1
luftskib,1
forløb,1
eksplosionerne,1
adj.,1
thelegraphist,1
modtagelse,1
alarmposten,1
konsorten,1
underskrifter,1
fodslag,1
maskinerne,1
pot,1
skier,1
bjærgegn,1
kippetur,1
skøjter,1
thele-gram,1
råder,1
signalmateriel,1
nøglen,1
knoger,1
vænnelsen,1
lyspatroner,1
cement,1
kitt,1
jernvinduer,1
udlovspasser,1
forgår,1
cigaret,1
mørket,1
hue,1
halmstrå,1
artillerikamp,1
tilfald,1
komp.fører,1
signalpatroner,1
foderstoffer,1
kriegsphotograph,1
endstationen,1
komp.s,1
velkomsthilsen,1
æggene,1
forside,1
bagside,1
eggene,1
højre,1
kanonernes,1
udlovsmaden,1
ifærd,1
brætter,1
lyng,1
forårsforberedelserne,1
sommerens,1
kuskene,1
kuske,1
sluse,1
maskin-geværkomp,1
køje,1
salver,1
tilgang,1
jubileum,1
sanmen,1
pudstøj,1
fødevarerne,1
damehatte,1
rådgiver,1
afgåendepost,1
værdibreve,1
landejendom,1
pengespekulationer,1
revolver,1
loven,1
straffen,1
byggeriet,1
mellemrum,1
alder,1
klarhed,1
hestetjæneren,1
pysleri,1
frygt,1
sønderdøren,1
igrunden,1
klædebørste,1
træstammer,1
møblerne,1
forårsdage,1
flytteri,1
påskeæggene,1
udsigtsplads,1
aperat,1
kreaturtallet,1
jordet,1
godmorgen,1
æsker,1
påskedagsmorgen,1
færdig,1
mütze,1
breweksel,1
kukmand,1
ruserne,1
pander,1
fødselsdagskagen,1
musikkorps,1
eksplosion,1
kolos,1
beskæftigelse,1
roller,1
tagpap,1
overfrakke,1
pappet,1
jern-feldkakkelovn,1
kublen,1
skænd,1
mø,1
batteris,1
brag,1
fjændens,1
flyveren,1
fuldtræffer,1
havet,1
besætning,1
pulverdamp,1
musikhalle,1
kunstværk,1
parket,1
gulv,1
grantræ,1
ydersiden,1
feldkakkelovn,1
sæbepulver,1
hundekuld,1
karevane,1
tilbageturen,1
træf,1
lysthuse,1
blok,1
ko,1
mils,1
omkreds,1
dagens,1
begivenheder,1
underhusets,1
indre,1
beregning,1
vestlomme,1
vænter,1
vals,1
tiroler,1
valse,1
tageblatt,1
førde-banen,1
mergebanen,1
kasinoen,1
førdebanen,1
gardiner,1
paket,1
børsten,1
aftenkaffe,1
ejendom,1
skørt,1
fadder,1
mandskaber,1
fredsheer,1
kassemester,1
budet,1
kirkegang,1
hofpredikant,1
landråd,1
juli-august,1
freds-mandskaber,1
fredsheeren,1
militærstøvler,1
plakat,1
tingen,1
datoen,1
værdier,1
levetid,1
indsigt,1
kasino,1
timestid,1
æggepandekager,1
photographi,1
havebænke,1
pindselilien,1
aaret,1
havebænk,1
sommerbolig,1
obsl,1
søslag,1
engländerne,1
flåde,1
ungersvend,1
bregner,1
gran,1
havebænken,1
bøgeløv,1
pap,1
vinterren,1
englænderne,1
landstormsmand,1
operationsegnen,1
sklave,1
telephontråde,1
sprængstykker,1
jeg,1
kroppen,1
agurker,1
radiser,1
vaskefad,1
marmelade,1
spand,1
landtropper,1
beslutning,1
vil,1
stillingerne,1
                    ,1
pulver,1
urlaubspas,1
ostfronten,1
nærmere,1
fredsrygterne,1
krigsbillede,1
        ,1
       ,1
kriegslazarett,1
gen.-kommando,1
verlag,1
gesellschaft,1
høslætten,1
linien,1
bynavn,1
modangreb,1
spektakler,1
samling,1
russerbjærget,1
zynder,1
vinterfeldtog,1
postunderofficer,1
indskrivnings-breve,1
anlæget,1
elektricitetet,1
kavalerer,1
kornp,1
besætningen,1
fedtet,1
kanone,1
to-tiden,1
artillerist,1
indfald,1
kaliber,1
shrapnelkugler,1
ledning,1
strøm,1
storpolitikerne,1
elsass-lotringen,1
byens,1
situation,1
glimt,1
grænsepælene,1
                                                                                                    ,1
umgruppering,1
udredehed,1
landstormer,1
strandbyer,1
doserne,1
postmester,1
slåmaskiner,1
billedsiden,1
krabberne,1
svinet,1
svinen,1
middags-søvn,1
landsmænd,1
beløb,1
nat-gravtjæneste,1
dyrlæge,1
alpenjæger,1
betragt,1
sanitæter,1
maskingevær,1
resultat,1
forslaget,1
armeekorps,1
formationen,1
etappeninspektion,1
infanterie-regiment,1
2.masur,1
sept,1
imorgen,1
brud,1
maskinen,1
poststempe1,1
skinnerne,1
elms-horn,1
orlovtoget,1
cupe,1
afløsninger,1
minderne,1
bahnpost,1
z.,1
fotografens,1
forholdsregler,1
nederdelen,1
de,1
skørter,1
sidegevær,1
badestuen,1
badekarret,1
kontrolle,1
kontrol,1
streger,1
udha,1
brevkorrespondance,1
lomme,1
brevkasse,1
unge,1
hovedrollen,1
væg,1
her,1
violin,1
cello,1
fløjte,1
bas,1
valsetakt,1
entlassen,1
jægeren,1
kavaleristen,1
sølerie,1
brigadekom,1
æresvagt,1
skomager,1
indskrivningspakke,1
styrtebad,1
ravnhold,1
væggen,1
værk,1
grossererfrue,1
grosserer,1
grossererkone,1
tømrer,1
tømrerkone,1
moden,1
café,1
skrivningen,1
hundekulde,1
hjemland,1
oberslesinger,1
medynk,1
heeresledelse,1
anelse,1
begejstringen,1
karabin,1
etatsmassige,1
sandt,1
mandfolkene,1
lakken,1
stuekammerat,1
pil,1
fødselsdagsgæster,1
thiiringen,1
opholdsrum,1
togføreren,1
pakvogn,1
væntetid,1
julehilsener,1
oberkellner,1
ventesal,1
kammeraters,1
mantelen,1
tyskrigs-post,1
forpakning,1
preusserne,1
pakkevogne,1
jernbanepersonalet,1
jernbanetjænesten,1
bremsen,1
udbygninger,1
vognene,1
brødkortene,1
forstørrelse,1
indskrivningspenge,1
pakningen,1
kørere,1
himmelsretninger,1
bønder,1
vagtlokal,1
julemanden,1
b,1
malerier,1
waskebord,1
centralvarme,1
leut,1
julegaverne,1
katolikker,1
juledage,1
foræring,1
bynavne,1
underskrift,1
nytaarsaften,1
gadekampe,1
øjet,1
asfald,1
sporvogne,1
skråningen,1
vinbjærgene,1
vinegn,1
chance,1
drev,1
spøg,1
loftskammer,1
forlovelsesring,1
guldet,1
ringe,1
venskabsring,1
loftskammeret,1
på,1
herskabskusk,1
orloveren,1
bakeri,1
federmadrase,1
byropersonal,1
vejlængde,1
byropersonalet,1
tilværelsen,1
udstyr,1
krigshistorier,1
banetur,1
grænseposter,1
fredsuniform,1
bynavnene,1
begyndelsesbogstaven,1
byro-per-sonalet,1
skolestue,1
pulte,1
storker,1
troppedel,1
casino,1
festhal,1
byne,1
numrene,1
standkvarter,1
panden,1
væggene,1
maltkaffe,1
sundhedshensyn,1
krigsbryllup,1
offiz,1
divisionskom,1
munitionsfabrik,1
prinsesser,1
rejsetil-ladelsesbevis,1
amtsforstander,1
hestefolk,1
daler,1
pantofler,1
intendanturen,1
ansøgningen,1
komode,1
silkebånd,1
sult,1
alderdom,1
thelegraf,1
foster,1
finger,1
afskrift,1
toiletværelse,1
udlykke,1
d.toget,1
tændstikkeæsker,1
grøften,1
aarsagen,1
kødkort,1
rittergods,1
klinik,1
doktorer,1
rittergodset,1
a,1
datteren,1
d-tog,1
paketdepot,1
kapital,1
kopierne,1
tiderne,1
bøtcher,1
snes,1
rejsetilladelser,1
smørpapir,1
forgiftning,1
modsætninger,1
længslet,1
vits,1
afstikker,1
sanitater,1
meldetaske,1
fronter,1
feldv,1
gavtyv,1
sanitåter,1
kørepl,1
togtider,1
telegrammet,1
forlov,1
syslet,1
kanisbrød,1
fornæmmelse,1
hymopat,1
brændsel,1
forordningen,1
komp.føreren,1
hensigter,1
ideer,1
tankegang,1
forkarlen,1
modgang,1
brydninger,1
nats,1
komedie,1
storbyen,1
postvogn,1
mandagen,1
hverdag,1
aftenskaffe,1
stangen,1
kender,1
dagløn,1
fredsforhold,1
togforbindelser,1
indkøb,1
krigspibe,1
forspil,1
b.rejsen,1
orlovsspærren,1
hustjæneste,1
endestation,1
persontog,1
kupe,1
theaterbillet,1
loge,1
gæssene,1
nyhederne,1
drømme,1
grybleri,1
piges,1
ansigt,1
stæren,1
lærkelil,1
tyv,1
hamborger,1
kasserer,1
kinografejeren,1
tjænerne,1
mundharpe,1
swejtserost,1
søndagsfornøjelse,1
nakken,1
mester,1
pletten,1
søndagskys,1
film,1
hindringer,1
båd,1
snor,1
snoren,1
bumleri,1
uorden,1
posttoge,1
films,1
forplejningspenge,1
komisbrød,1
ordn,1
vægge,1
jahrhundert,1
museum,1
landwirtschaft-museum,1
stormtropper,1
gaffe,1
steds,1
bismarckpladsen,1
elekt,1
div.præst,1
offizer,1
svigerinde,1
off.,1
miner,1
fugle,1
betydning,1
påskemorgen,1
cykler,1
ridderborg,1
gasgranater,1
bryggehuset,1
træsko,1
en,1
historier,1
rejseomkostninger,1
bindelser,1
laks,1
begyndelseskapi-talet,1
wertbrev,1
landbruget,1
harve,1
kultivator,1
omgange,1
vangen,1
after,1
svejtserne,1
verandaen,1
tulipaner,1
mærkedage,1
reise,1
forhåbninger,1
fremtidsplaneme,1
længden,1
spil,1
udsigtar,1
søgn,1
ilse,1
dalene,1
fahrplan,1
silken,1
kærestesfødselsdagsgave,1
fødselsdagsgave,1
nybegyndere,1
krigslånet,1
atake,1
entfernungsmesser,1
rejser,1
fødelsdagsgaverne,1
pung,1
svalerne,1
svaler,1
høg,1
blomsterbuket,1
brevåbner,1
parole,1
kommandør,1
nærheden,1
kli,1
kanonaderne,1
anstrengelse,1
menneskemasser,1
årevis,1
stikken,1
lastauto,1
-vogne,1
landeveje,1
slagteri,1
mine-kastere,1
omegnen,1
ajlekumme,1
strymper,1
understandet,1
ud,1
former,1
systemer,1
gamascher,1
mudderet,1
granathullerne,1
koret,1
jomfru,1
                                                                                 ,1
kovertet,1
krigssæbe,1
linier,1
jordhulen,1
skovlageret,1
munitionen,1
stenmur,1
sender,1
af,1
prospektkortet,1
bestillinger,1
underbokserne,1
august-sept,1
ridetur,1
forplejningsoffz,1
amtsdommeren,1
tilbydelsen,1
udsagn,1
feld-weblen,1
sodavand,1
overleutn,1
nøgle,1
maskinens,1
gefægtstand,1
konst,1
tallet,1
tabene,1
fangerne,1
spændingen,1
passet,1
håndledet,1
salget,1
ejendomme,1
vinen,1
flasken,1
læ,1
vase,1
tandhjul,1
restaurantet,1
fritider,1
udklippet,1
banken,1
samlyd,1
frue,1
             ,1
luse,1
fyld,1
syd,1
føl,1
krigsskat,1
damefejton,1
mus,1
gasforgiftning,1
ordonansen,1
gæster,1
hovedgashanen,1
gassen,1
roman,1
pæretræ,1
frugter,1
midte,1
st.,1
leere,1
karton,1
sukkeren,1
spærret,1
paradeplads,1
landaueren,1
marketenderi,1
kasser,1
rotter,1
travlheden,1
parademarsch,1
kontroll,1
sognet,1
trafikken,1
-,1
kaffeselskab,1
månedspenge,1
notits,1
gen,1
peters,1
stiftstidende,1
pærerne,1
bifortjeneste,1
avisforlag,1
orlovsansøgning,1
lille,1
sengetæpper,1
drikkeskilling,1
udlejligheden,1
fornuft,1
sonnenuntergang,1
knepkagerne,1
aftenkaffen,1
meldehund,1
tjænester,1
aftensbordet,1
vændepunkt,1
eksemplar,1
forretningshemmelighed,1
forbindelser,1
ugeblad,1
aftenerne,1
knepkage,1
hærforvaltningen,1
photografie,1
malerie,1
                       ,1
maleri,1
kunstner,1
plader,1
kåbe,1
sværd,1
roserne,1
sækkefuld,1
husorden,1
bror,1
fragtbrev,1
vind,1
justitsråd,1
hjul,1
skotøj,1
forretnings,1
overlæder,1
tomater,1
vindruer,1
underhånden,1
automobilerne,1
photografen,1
modvind,1
sorge,1
krigshest,1
sækken,1
ltr.,1
                                                                                                             ,1
toilettmidler,1
krigs-sæbe,1
melodie,1
sangbog,1
lage,1
kagerne,1
kasseopgør,1
fallit,1
raseerapparat,1
tand,1
barberen,1
knive,1
rullepølse,1
pære,1
knep-kage,1
posttur,1
regeringen,1
hilsnerne,1
holdsted,1
kvitter,1
kogebogen,1
regninger,1
kunder,1
forretningen,1
marmoladefabrikker,1
taksigelseskort,1
brevskrivningen,1
damestøvler,1
brystnåle,1
avissalg,1
regnvejret,1
cho-colade,1
meldingerne,1
tagkammer,1
underbokser,1
værdie,1
portvin,1
postspærre,1
ordning,1
køkkenloft,1
garnet,1
organisation,1
serie,1
hund,1
forretningsafdelingen,1
rok,1
vinde,1
                     ,1
renhed,1
værdisager,1
trinelil,1
sinde,1
flæsket,1
sm,1
s.,1
materiel,1
orlovstog,1
blad,1
horisonten,1
nåde,1
elektr,1
blodpølser,1
bid,1
djævlen,1
møddingen,1
plagene,1
wåbenstillstand,1
doktor,1
grendsen,1
omsætning,1
juleorlov,1
orlovens,1
dækkenet,1
cigaren,1
fodtøj,1
eksemplarer,1
skat,1
forældres,1
omgivelser,1
løsning,1
bønner,1
omflytning,1
wåbenstillstanden,1
muligheden,1
knep-kager,1
nytaar,1
julehilsenen,1
julegaver,1
ungdommens,1
minde,1
kærter,1
julebrev,1
tid.sende,1
saddel,1
sadlen,1
kunstmaler,1
strømpeskafter,1
postauto,1
nordøst,1
vinterro,1
julebord,1
dug,1
begyndelsesår,1
postrum,1
omgruppering,1
mandskaberne,1
omstænder,1
slip,1
damperne,1
liebhavere,1
ejendommene,1
lærredet,1
skak,1
tövejr,1
vejre,1
tusinder,1
theori,1
partie,1
løbeild,1
stedfortrædere,1
postmesteren,1
indbyggere,1
audiens,1
gennemfrøsen,1
o,1
ærinder,1
orlovstoge,1
taskerne,1
madpose,1
                  ,1
kofferter,1
pelsjakke,1
dameskrædder,1
natbord,1
cupevindue,1
bude,1
sedan,1
offz.kofferter,1
kornsæk,1
skråtobak,1
hökeren,1
åblinger,1
lundsmarkgården,1
hovedparcellen,1
omsætningskreds,1
tasken,1
posttogene,1
kokken,1
min,1
millitærlæge,1
hjerm,1
morgenstund,1
tilgift,1
photografierne,1
postsammelsted,1
sukkerfabrikant,1
fl,1
sadelen,1
reklamation,1
herlighed,1
ledertaske,1
meldere,1
eng,1
budskab,1
længde,1
kanoners,1
tromlen,1
englændere,1
amerikanere,1
drager,1
vask,1
normaltøj,1
gummi,1
regnfrakke,1
mellemmand,1
ingen,1
lommekam,1
poststempel:1,1
kommander,1
maskineriet,1
poststandsning,1
pokker,1
takkeskrivelse,1
offensivvalsen,1
kranse,1
kommanduer,1
landsmand,1
kommer,1
feldpostkarte,1
name,1
rgt,1
myrer,1
skidtet,1
etappen,1
formarschen,1
stillstand,1
tallene,1
forhandlinger,1
udgangspunkt,1
påskepakker,1
vognladninger,1
köer,1
frekadeller,1
godhed,1
dagelængere,1
fødselsdags,1
indtægterne,1
avishandlen,1
nerverne,1
pleje,1
spektakel,1
ordner,1
græset,1
paraden,1
byroet,1
theaterglas,1
himmelfartdag,1
akkordarbejde,1
mælkevognen,1
bordene,1
nattesøvn,1
pindsefest,1
gig,1
åar,1
opbevaring,1
skinker,1
barake,1
bestemmelsesstedet,1
nett,1
træthed,1
klossettet,1
gadehjørne,1
løjer,1
gamacherne,1
spargel,1
fremrykning,1
feld-køkkenet,1
jødeland,1
vaske,1
påformiddagen,1
höne,1
pebbe,1
morgenkjole,1
sølvske,1
gafler,1
gummistøvler,1
sengelagner,1
begravelse,1
guldsagerne,1
chasér,1
knoglerne,1
art,1
kalkstøv,1
kælderhylde,1
börnene,1
brystnål,1
værdi,1
kaniner,1
skylle,1
hestelazaret,1
smadderen,1
butikkerne,1
petroleum,1
olie,1
fenne,1
kornhøsten,1
leverpølsen,1
feber,1
nattetjæneste,1
sergt,1
bekendskab,1
würfelsukker,1
opgang,1
ersatz,1
ruller,1
møje,1
konerne,1
storbyerne,1
løg,1
cauce,1
kritikken,1
køl,1
kikkert,1
gymnastiksko,1
kapper,1
våbenmagt,1
tilhørerne,1
sovekammer,1
beretningen,1
løs,1
modstanden,1
amerikaner,1
amerikanerne,1
rivemaskinen,1
rådet,1
naboer,1
marnefloden,1
talen,1
lt,1
mændene,1
værelser,1
orts-kommandant,1
erindring,1
marnedalen,1
urværk,1
vaskesæbe,1
lysten,1
papiere,1
brøkdel,1
september,1
marsher,1
klemmen,1
tavshed,1
krybler,1
duggen,1
græsset,1
middagstid,1
krigs-bryllup,1
salattiden,1
argonneskoven,1
maasfloden,1
zollenspiker,1
reden,1
kasinoet,1
centrum,1
opdagelse,1
begreb,1
kogepotten,1
våren,1
spiren,1
udmulighed,1
sengested,1
spande,1
ø,1
lopperne,1
pladskort,1
hauptmann,1
rollen,1
tvivl,1
maas-talen,1
skjorten,1
tjæneste-rejse,1
10.dage,1
