verb,freq
har,1551
er,1059
kommer,831
kom,694
var,548
går,493
komme,474
fået,472
ved,427
se,415
får,405
få,392
fik,381
havde,371
have,357
sende,308
ligger,305
gik,302
sagde,296
skrev,289
skrive,267
gå,263
blive,250
blir,237
haft,236
sige,223
tror,216
kommen,210
sender,191
skal,176
tænker,161
slutter,161
skriver,158
blev,156
tager,151
fortælle,151
været,148
tænke,142
synes,139
tro,139
gøre,137
skrevet,133
tage,132
ser,129
tænkte,129
sidder,124
holde,124
gået,124
bliver,123
sendt,120
siger,119
forstå,114
gør,111
lå,111
står,110
bleven,109
være,108
håber,104
mente,101
sagt,97
spurgte,97
taget,96
syntes,94
vil,94
tog,92
lade,91
gjort,89
kender,89
stod,85
tænkt,80
mener,79
hørt,74
så,72
fortalte,70
vænte,70
give,69
skulde,68
behøver,68
rejser,67
købe,67
kan,66
slutte,65
bestille,65
vilde,64
set,64
finde,64
skreven,63
sove,63
høre,62
spise,60
vidste,59
holder,58
fortalt,56
sad,56
nået,56
ligge,54
gav,54
hils,52
længes,51
hører,51
sover,50
vide,49
købt,48
hjælpe,46
lavet,45
talt,44
huske,44
tale,43
talte,43
giver,43
måtte,42
begynder,41
sat,40
holdt,39
lever,39
lave,39
vænter,39
stå,38
hjælper,37
hilse,37
mangler,36
klage,35
rejse,34
gjorde,34
sov,33
ske,33
givet,33
indrettet,32
kørte,32
begynde,32
sendte,32
varer,32
bruge,31
undskylde,30
sætte,29
passe,29
må,29
sovet,29
koster,29
læse,28
hørte,28
vare,28
kalder,28
nåede,28
faldt,27
fandt,27
arbejde,27
besørge,27
køre,26
takker,26
sidde,26
besøge,26
modtaget,26
såret,26
regner,25
fejre,25
traf,25
spist,25
ønsker,25
mærke,24
lod,24
satte,24
håbe,24
vasket,24
løbe,24
forglemt,24
kogt,24
lad,23
send,23
begyndte,23
bor,23
spørger,23
arbejder,23
lader,22
ligget,22
læst,22
bringe,22
spørge,22
smager,22
drog,21
betale,21
lide,21
prøve,21
begyndt,20
kører,20
fører,20
laver,20
læste,20
leve,20
tabt,20
vente,19
lægge,19
kommet,19
føre,19
købte,19
samlet,19
meldte,19
forstår,19
sårede,19
glæder,18
cyklede,18
takke,18
spurgt,18
tænk,18
synger,18
spiser,18
gives,18
ønske,18
nøjes,18
svare,18
faa,17
troede,17
sang,17
kende,17
passer,17
væntet,17
regne,17
lagt,17
kunde,17
kendte,17
melde,17
tåle,17
spare,17
mærket,16
løber,16
lev,16
forlovet,16
bære,16
vaske,16
fortæller,16
spiller,16
falden,16
forlange,16
forglemmer,16
meddele,16
siddet,15
hjalp,15
mærker,15
rykker,15
sætter,15
.,15
arbejdet,15
forladet,15
besørget,15
snakke,14
gaa,14
skudt,14
samle,14
bestilt,14
rejste,14
hænger,14
bruger,14
hedder,14
hænte,14
smagte,14
beder,14
bragte,14
bragt,14
bygge,14
drak,14
prøvet,14
finder,14
gaar,13
liggende,13
sig,13
forglemme,13
venter,13
regnet,13
lider,13
dur,13
falder,13
lovet,13
sørger,13
koge,13
når,13
lovede,13
rejst,12
faaet,12
vise,12
husker,12
klare,12
beholde,12
snakker,12
glæde,12
siges,12
spille,12
sørge,12
vær,12
læser,12
fryser,12
bede,12
bringer,12
takkede,12
lagde,12
angår,12
rykket,12
kogte,12
slæbe,12
pakket,12
drukken,12
afløst,12
faar,11
manglede,11
drømte,11
følger,11
råde,11
meldt,11
smide,11
stået,11
blevet,11
forlanger,11
lavede,11
spærret,11
drikker,11
  ,11
ønskede,11
solgt,11
opstået,11
brænder,11
le,11
ført,11
taler,10
træffe,10
cykle,10
skriv,10
ladet,10
lære,10
ankommen,10
falde,10
bestemt,10
stille,10
skyde,10
tændt,10
flyttet,10
løb,10
græde,10
vågnede,10
bedt,10
ryge,10
gir,10
smidt,10
bygget,10
rette,10
ordne,10
forglemte,9
kørende,9
saa,9
glemt,9
kendt,9
drikke,9
optaget,9
skød,9
viste,9
gående,9
bad,9
tjæner,9
rykkede,9
rykke,9
døde,9
ordnet,9
tilbragt,9
klager,9
slå,9
besøgte,9
glædet,8
ses,8
slog,8
fotograferet,8
kalde,8
funden,8
ødelagt,8
snakkede,8
afsendt,8
skinner,8
flytte,8
undskyld,8
byde,8
bevaret,8
hjulpen,8
hør,8
foregår,8
dømme,8
kørt,8
stjålet,8
dele,8
bo,8
forstaa,7
kommanderet,7
trække,7
dansede,7
lært,7
slået,7
fundet,7
regnede,7
overstået,7
sluttet,7
ligner,7
udtaget,7
førte,7
passeret,7
afkommanderet,7
tændte,7
fejret,7
stillet,7
søger,7
følge,7
bytte,7
boede,7
pakke,7
tag,7
hold,7
bød,7
røget,7
fordelt,7
spiste,7
bærer,7
tabe,7
forestille,7
koger,7
betalt,7
vænne,7
hæntet,7
følges,6
budt,6
synge,6
trukket,6
tilbringe,6
spillede,6
bestemme,6
lærer,6
glemme,6
smagt,6
brugt,6
tjænt,6
samles,6
passere,6
skældte,6
fløj,6
vasker,6
truffen,6
består,6
nå,6
betænke,6
mærkede,6
behøvede,6
straffet,6
hænge,6
pakkede,6
pyntet,6
hæntede,6
søge,6
ændre,6
tabte,6
tåler,6
fortælles,6
marcherede,6
væntede,6
hvile,6
fejler,6
smage,6
køber,6
drømt,6
giv,6
føje,6
forgår,6
tilrettelagt,6
føler,6
åbnet,6
hænter,6
handle,6
gaaet,5
ventet,5
brækket,5
komne,5
vove,5
afgjort,5
tales,5
    ,5
tjæne,5
lignende,5
spillet,5
interesserer,5
undersøgt,5
gennemblødt,5
nytter,5
der,5
pudset,5
bider,5
passede,5
fulgte,5
præsentere,5
opstillet,5
slider,5
opleve,5
fotografere,5
bryder,5
spadsere,5
sparet,5
driver,5
vaskede,5
sket,5
stående,5
række,5
lægger,5
forklare,5
oplevet,5
undvære,5
marcherer,5
sparer,5
besørger,5
levet,5
levede,5
sker,5
sprang,5
belagt,5
snakket,5
råbte,5
spadserede,5
bevare,5
klappe,5
henter,5
overtage,5
boet,5
miste,5
tilstå,5
rejs,5
besøgt,5
indrammet,5
sorteret,5
skaffe,5
sulte,5
vidst,5
lee,5
ændret,5
forlade,5
hente,4
benytte,4
veed,4
brænde,4
korn,4
betyde,4
udregnet,4
plejer,4
letter,4
varede,4
stege,4
endt,4
duede,4
skynde,4
længtes,4
båret,4
danse,4
indbudt,4
sælge,4
udsat,4
skjule,4
trådte,4
omgivet,4
svarede,4
hængt,4
sået,4
skælde,4
drukket,4
steg,4
sanse,4
grædt,4
nytte,4
rode,4
fejrer,4
slap,4
oplever,4
uddannet,4
pudse,4
laves,4
andraget,4
ryger,4
stole,4
lede,4
drille,4
forespurgt,4
siddende,4
efterset,4
skikket,4
fryse,4
flytter,4
betaler,4
gøres,4
lærte,4
skyder,4
udsovet,4
modtage,4
rækker,4
lo,4
træffer,4
erklæret,4
sørg,4
lidt,4
anlagt,4
lykkes,4
beførderet,4
håbede,4
marcheret,4
sandse,4
skinnede,4
hviler,4
raser,4
kniber,4
brændte,4
fyret,4
råber,4
vendte,4
undres,4
indrette,4
fordrive,4
hentet,4
gribe,4
beskyde,4
slæbt,4
afhænte,4
melder,4
bjærge,4
kaldes,4
indkaldt,4
koste,4
tillukket,4
truffet,4
søgte,4
bliv,4
overkomme,4
løbet,4
drømmer,4
kaldt,4
tyder,4
forsvundne,4
tilladt,4
råder,4
beskudt,4
forsvunden,4
ærgre,4
flyver,4
forlangt,4
skønne,4
spekuleret,4
sendes,4
morede,3
cyklet,3
forsvare,3
svaret,3
fortsætte,3
jog,3
more,3
lappet,3
keder,3
foretaget,3
pløje,3
vist,3
lettede,3
kæmpe,3
slidt,3
svedt,3
manglet,3
klarede,3
høste,3
gælder,3
udleveret,3
forestillet,3
kostede,3
jagede,3
sigte,3
lappe,3
lukke,3
udbredt,3
lønner,3
forloves,3
findes,3
opvarmet,3
indkvarteret,3
frøs,3
slår,3
råbe,3
tages,3
lønne,3
forstærket,3
slide,3
trækker,3
overtog,3
brugte,3
indgive,3
retter,3
jager,3
undersøgte,3
forsvandt,3
bide,3
forflyttet,3
tælle,3
kaldte,3
love,3
forbunden,3
fortjæne,3
kneb,3
drager,3
modstå,3
åbne,3
ridende,3
rører,3
forsynet,3
pudser,3
varet,3
uddannes,3
stoppet,3
kaste,3
byder,3
slippe,3
vende,3
prøver,3
piskede,3
stormet,3
takket,3
flygtet,3
født,3
cykler,3
buldrer,3
stegt,3
tilbragte,3
brændt,3
hugger,3
syet,3
meddeler,3
malet,3
tordner,3
indtog,3
fortsatte,3
vækkede,3
kommende,3
damper,3
bøje,3
indse,3
besat,3
anset,3
lød,3
dække,3
plejet,3
trine,3
tiltalt,3
narre,3
besluttet,3
bestemmer,3
græd,3
arbejdede,3
undersøge,3
forberedt,3
samler,3
indlagt,3
bestiller,3
risikerer,3
sammensat,3
trak,3
holdes,3
stiller,3
tjent,3
beregne,3
stemmer,3
beså,3
overskredet,3
spekulerede,3
bemærket,3
fyrer,3
ruller,3
ende,3
husket,3
fortrudt,3
sortere,3
beholdt,3
dannet,3
tænder,3
sorterede,3
bedømme,3
   ,3
spørg,3
forliges,3
gravet,3
grebet,3
badet,3
gengælde,3
risikere,3
redet,3
forstået,3
tørres,3
vænt,3
viser,3
leer,3
drage,3
lukkede,3
drøm,3
nævne,3
brudt,3
forlænget,3
vågner,3
ynke,3
plukke,3
ordnes,3
landet,3
leder,3
ventede,2
omtalte,2
ride,2
mødt,2
pløjer,2
naa,2
moret,2
husk,2
forstyrrede,2
røgte,2
opsat,2
troer,2
konmer,2
mangle,2
forlovede,2
haaber,2
lyve,2
trøste,2
pløjet,2
ha,2
smutter,2
valgte,2
vælger,2
hitte,2
mødes,2
afhente,2
undte,2
sovede,2
råbt,2
hore,2
klappede,2
tjene,2
optræde,2
tilbudt,2
vejer,2
forbedrer,2
troet,2
duer,2
fulgtes,2
skænke,2
udtjent,2
slipper,2
skar,2
bandte,2
angriber,2
krydse,2
springer,2
udtalte,2
drillede,2
kravlede,2
fejrede,2
mødte,2
repræsenterede,2
overfyldt,2
forkølet,2
stoppede,2
vender,2
undre,2
syes,2
indspærre,2
behandle,2
medbragt,2
stegte,2
feje,2
andrage,2
sættes,2
udvist,2
udført,2
trykker,2
smed,2
præsenteret,2
lugtede,2
morer,2
svedte,2
tagen,2
passet,2
lyse,2
river,2
rive,2
knager,2
forlangte,2
gruer,2
pleje,2
opskreven,2
forestilles,2
cyklende,2
rørte,2
behøve,2
deler,2
spekulerer,2
glemmer,2
svinder,2
kræver,2
rengjort,2
forlove,2
kaster,2
ekcercere,2
mødtes,2
vænde,2
stikker,2
græder,2
sørgede,2
dø,2
giftes,2
danne,2
overgiver,2
logerer,2
spejde,2
vendt,2
forhindre,2
åbnede,2
røg,2
fyldte,2
standsede,2
skinnende,2
vunden,2
afsendes,2
nedbrændte,2
fortæl,2
bestilte,2
la,2
frygte,2
susede,2
ofre,2
udbetalt,2
forglem,2
slumrede,2
stoppe,2
afbrudt,2
bagte,2
tildelt,2
kvartere,2
kæmpet,2
krøb,2
begav,2
trillede,2
lukket,2
hentede,2
stikke,2
hilser,2
fylde,2
forgået,2
medsendte,2
vandrede,2
besluttede,2
glædede,2
foregik,2
fægte,2
tvinge,2
indviet,2
undrer,2
dækker,2
knust,2
høres,2
ringer,2
ligne,2
erfarer,2
beskrive,2
thelegrafere,2
hilset,2
spis,2
drive,2
fantaserede,2
afgivet,2
anede,2
betalte,2
pakker,2
flyvende,2
greb,2
prøvede,2
thelegraferet,2
besværet,2
bukket,2
angrebet,2
fortjænt,2
snappet,2
jaget,2
plager,2
ment,2
skrives,2
nynner,2
foretage,2
grædende,2
skifter,2
logerede,2
uddanne,2
skikke,2
nyder,2
kæmper,2
beregnet,2
dampede,2
måle,2
vundet,2
svømmer,2
skubbet,2
støtte,2
samlede,2
savnede,2
rømmet,2
grave,2
serveres,2
bestil,2
delt,2
ejer,2
bukke,2
eksploderede,2
undret,2
afsat,2
begrænse,2
beskyder,2
fortærer,2
pynte,2
indlevet,2
stopper,2
skete,2
interesserede,2
stødte,2
vælter,2
vedtaget,2
forbyde,2
forbudt,2
forkælet,2
indsprøjtet,2
fyres,2
fyre,2
drillet,2
hang,2
ængstes,2
glide,2
taber,2
befinder,2
kastet,2
afgive,2
overtager,2
drevet,2
skælder,2
lyde,2
skjult,2
stillede,2
gro,2
griber,2
rullen,2
opdaget,2
nævnt,2
red,2
vover,2
rumlede,2
øsende,2
overse,2
trukken,2
udføres,2
forskudt,2
rettet,2
ekspedere,2
knuses,2
begravet,2
transportere,2
hygger,2
pas,2
skænde,2
gætte,2
nedskudt,2
ind,2
tynger,2
tilfredsstillende,2
tilbagelægge,2
anvise,2
varme,2
regt,2
ærgrer,2
skælne,2
bryde,2
laste,2
oplyst,2
foretrækker,2
slagtet,2
bortlovet,2
kostet,2
mistet,2
binde,2
indtrådt,2
gled,2
thelefonerede,2
liste,2
ønsket,2
opdrage,2
erhvervet,2
fortjent,2
strenges,2
prale,2
gifte,2
nærmer,2
røre,2
sammenskudt,2
stiger,2
drik,2
opfyldt,2
hjulpet,2
sælges,2
møde,2
handler,2
tilkommer,2
indpakket,2
tak,2
indtræffer,2
lykkedes,2
beskytter,2
plukket,2
tærsket,2
dødser,2
overvinde,2
photograferet,2
spyttede,2
flyttede,2
udrejst,2
nævner,2
vokser,2
døbe,2
forvar,2
afskåren,2
savnet,2
taltes,1
angaar,1
hed,1
fulgt,1
overstaaet,1
hvisker,1
glippe,1
pjatte,1
føle,1
bevares,1
tor,1
slaa,1
snyde,1
betro,1
ret,1
aflevere,1
brækkede,1
jævner,1
underpløjet,1
raabt,1
aflægge,1
optagen,1
narrede,1
tillod,1
forudtænkte,1
hvilet,1
strikket,1
tumler,1
trodse,1
brydes,1
forføre,1
overveje,1
taale,1
fornærmet,1
begribe,1
plomberede,1
maa,1
skingrede,1
druknede,1
stolede,1
spøgte,1
gider,1
syr,1
sparker,1
rister,1
kjendte,1
fatte,1
dundrer,1
gjætte,1
udeblev,1
sunde,1
saas,1
knyttes,1
byttet,1
omtalt,1
vred,1
grinte,1
ansat,1
',1
stile,1
fortrød,1
smuttet,1
fornyet,1
komner,1
forstilt,1
smigrer,1
spinde,1
bakket,1
foresat,1
tælles,1
foretræk,1
betragte,1
opstår,1
påtage,1
dreven,1
forlangtes,1
lejet,1
smykket,1
dukker,1
pløjede,1
malke,1
hænde,1
leverede,1
fa,1
indvie,1
fåes,1
dræbt,1
tjenestgørende,1
medførte,1
gere,1
klippe,1
bunden,1
snyltende,1
klakset,1
pikkede,1
synges,1
danser,1
druknet,1
kæntret,1
inddeles,1
hensat,1
afleveret,1
tilsidesat,1
omgåes,1
redte,1
plyndrede,1
rakke,1
udraget,1
indgivet,1
fri,1
kommanderer,1
tænkende,1
spar,1
rumme,1
indespærret,1
strikke,1
sner,1
udfyldt,1
svede,1
krable,1
udmattet,1
tie,1
fragte,1
undskyldt,1
udrustet,1
træner,1
straffes,1
sunget,1
svinde,1
kravle,1
foreføres,1
opstilt,1
blinkende,1
forstyrret,1
fodre,1
pyntede,1
skál,1
børstes,1
trave,1
pudses,1
døser,1
opbyggede,1
forskydes,1
behandler,1
ombyttet,1
arresteret,1
trykke,1
bandet,1
opspist,1
udstilles,1
arresteres,1
valgt,1
bevogte,1
halvsovede,1
bevilliget,1
udtagen,1
undersøges,1
plage,1
lér,1
børste,1
udbemærket,1
angivet,1
forme,1
forsålet,1
nb,1
egner,1
kripler,1
sikret,1
udannet,1
male,1
indbød,1
tugte,1
reder,1
fremførte,1
inddelt,1
højre,1
nægtet,1
udførte,1
bestraffet,1
stifter,1
assurere,1
omgås,1
...,1
smånipper,1
krøvler,1
forbigående,1
skinne,1
forslået,1
forelæst,1
gale,1
frygtede,1
repræsentere,1
udnævnt,1
bander,1
beredt,1
træde,1
dumper,1
øsregnede,1
rev,1
snorker,1
passerer,1
foranstaltet,1
udtaler,1
vække,1
afvasket,1
nikkede,1
udsprungen,1
bedækket,1
fotograferede,1
rettænkende,1
fortænke,1
foregå,1
lånte,1
vartede,1
konkurrere,1
øve,1
lignede,1
forkede,1
forestilt,1
rådede,1
eksercere,1
hyppede,1
præsenterede,1
sveder,1
travede,1
skimte,1
bader,1
kæmpede,1
snupper,1
deles,1
nok,1
besvimede,1
støvede,1
kribler,1
opgive,1
studerede,1
brækkes,1
rådet,1
hilses,1
trøst,1
tilføjet,1
indtrådte,1
tjænte,1
beskytte,1
trængte,1
trøstes,1
opbrugt,1
glemmes,1
udbeboet,1
sanset,1
tilvokset,1
meddelt,1
meddelte,1
marscherede,1
standse,1
rystet,1
blødende,1
tildækkes,1
pibe,1
tordne,1
såredes,1
udvæntet,1
huskede,1
belønne,1
mishandlet,1
afreven,1
afført,1
betænker,1
omrodet,1
krybe,1
vækte,1
forelagt,1
omringle,1
besørgede,1
gaves,1
opsøgt,1
ve,1
strøet,1
færdedes,1
røvet,1
stoler,1
igennem,1
ansagt,1
ladede,1
tvilede,1
forestod,1
overbevist,1
udstået,1
dæmpe,1
skyldte,1
belejret,1
opblødt,1
overrakt,1
forhøje,1
slagter,1
anvendt,1
afhentet,1
afbrændt,1
rådende,1
polstrede,1
aftrukken,1
forekomme,1
omringet,1
brække,1
savner,1
forhøjet,1
forbandet,1
skenket,1
skikkede,1
forandrer,1
benyttet,1
bortskikket,1
fare,1
fortære,1
vikler,1
sammenkalde,1
sluttede,1
rettede,1
sæt,1
opfrisker,1
indtagen,1
nummerere,1
blandet,1
pusle,1
mørknes,1
kredser,1
betjæner,1
forespurgte,1
bestod,1
forsvundet,1
indbragt,1
storme,1
tvivlede,1
klemme,1
ordnede,1
skåret,1
antændte,1
præstere,1
afrejst,1
aftalt,1
indtaget,1
foretager,1
slæbte,1
anvende,1
indretter,1
betragter,1
yde,1
præsteret,1
ersætte,1
fordele,1
interessere,1
overgår,1
ødelægge,1
afskreven,1
henvist,1
proppe,1
raserer,1
klippet,1
meld,1
forskanset,1
nærmede,1
gravede,1
planlagt,1
aabnet,1
indløber,1
forstærkes,1
tilkalder,1
telefoneres,1
befalede,1
tagne,1
indsaa,1
varmet,1
artet,1
skylder,1
prøves,1
kvalmer,1
vugger,1
kureret,1
bukker,1
båren,1
               ,1
klædte,1
modtog,1
fodres,1
sammenligner,1
indkøbt,1
          ,1
                       ,1
belægger,1
ikke,1
hav,1
helbredes,1
aftæret,1
sandset,1
klagede,1
trille,1
puttede,1
beskyttet,1
ordner,1
stritte,1
stige,1
udsprøjtet,1
pillede,1
erklærede,1
narrer,1
beanfragede,1
ber,1
bønhører,1
forpestet,1
hjem,1
pysle,1
og,1
drev,1
myldrede,1
led,1
ladt,1
henvænde,1
afløses,1
bevilget,1
skaffes,1
piblede,1
afskikket,1
indgnides,1
oversat,1
renset,1
kritisere,1
skubbede,1
tumle,1
knupper,1
erobret,1
trykket,1
idømt,1
smægter,1
fanget,1
kobler,1
forlagt,1
tjæneste,1
smigre,1
danset,1
vejede,1
vejet,1
frikende,1
nåes,1
lystre,1
overraske,1
bumlet,1
forlænger,1
snakkes,1
levnet,1
forestiller,1
misunder,1
smøre,1
fuldendt,1
gror,1
aftrukket,1
trækkende,1
foreslog,1
andragende,1
udsmykket,1
fortryllet,1
strækker,1
forvoldt,1
kæmme,1
foretrak,1
puster,1
funktionere,1
skjulte,1
op-spist,1
udføre,1
betjene,1
skik,1
løbende,1
besøger,1
udstå,1
smider,1
opfylde,1
anstormende,1
skumper,1
bankede,1
forsømmet,1
glem,1
fortsætter,1
vel,1
forbedrede,1
overskrider,1
stører,1
forskånet,1
hørende,1
stifte,1
krænker,1
donrer,1
knækket,1
foragte,1
udmærket,1
tilegner,1
marchere,1
mig,1
beendet,1
indskudt,1
tilbydes,1
oprømme,1
afrasere,1
løse,1
indskubbet,1
vænner,1
rømmede,1
smides,1
tilbagelagt,1
betegnet,1
funktionerer,1
bosat,1
støttet,1
bygger,1
heldede,1
trøstede,1
afsavede,1
afvisket,1
udlevere,1
tilkomme,1
forstås,1
anser,1
besvare,1
gennemtrængt,1
ophørt,1
varmer,1
knibe,1
gentog,1
afgået,1
fange,1
vovede,1
opgivet,1
leet,1
spændt,1
udskrevet,1
streget,1
vekslet,1
forskånes,1
skønnet,1
danner,1
forleve,1
skænder,1
besmide,1
konstatere,1
målede,1
skærpet,1
fejres,1
opsparet,1
kløver,1
benytter,1
skjuler,1
sammensyede,1
leere,1
forbe-redede,1
skaffer,1
svundne,1
indtruffen,1
dampende,1
tigget,1
blæste,1
knuste,1
rørt,1
putte,1
besvaret,1
tilbringer,1
drikkes,1
forvaret,1
listende,1
kippet,1
anholdt,1
spenderet,1
gennemlæst,1
beklage,1
tilbygget,1
begyndes,1
truer,1
vikle,1
opereret,1
benyttede,1
udladt,1
revidere,1
låne,1
forelægge,1
høster,1
tærske,1
russer,1
tilberedt,1
udtale,1
bægge,1
levende,1
dekorerede,1
indgravet,1
sneget,1
overtænke,1
ty,1
fald,1
indsat,1
lyser,1
knagende,1
gøs,1
greben,1
beskrænket,1
tøer,1
lande,1
bøvlet,1
stak,1
diskuterede,1
kredse,1
allemeret,1
bestyrer,1
læres,1
vedbliver,1
funkgerer,1
bestemte,1
sorterer,1
hævne,1
straffe,1
gjaldt,1
spytte,1
skønner,1
treneret,1
rulle,1
rullede,1
bedrøvet,1
spørgende,1
hjemslæbt,1
tørret,1
eksploderet,1
forringede,1
ruttet,1
opdagede,1
sprøjtede,1
fuldføre,1
beundrer,1
tillader,1
anskaffet,1
roder,1
tysse,1
sendet,1
offeres,1
skånet,1
nagle,1
klirrede,1
anrettet,1
løfte,1
pfotograferet,1
skulle,1
mærsk,1
spekulere,1
rumle,1
påtrykt,1
overladt,1
stjæler,1
uddelt,1
kvalmet,1
skyldes,1
kapitulerende,1
opbevares,1
indstillet,1
forsage,1
forbruger,1
dølge,1
arvet,1
forelagte,1
kuldkastede,1
photografere,1
anmeldt,1
skråner,1
belaste,1
brummet,1
tilgodehavende,1
stolet,1
plantet,1
udhulede,1
pludrede,1
vækket,1
læsse,1
øjne,1
skille,1
forelsket,1
forstyrre,1
udvidende,1
øser,1
udrettet,1
ekspederes,1
overskreden,1
udlagt,1
brændende,1
pirre,1
vander,1
forlænge,1
forkorte,1
ramme,1
rammes,1
forvares,1
underskrive,1
ofres,1
selvlavet,1
forrette,1
afvist,1
standset,1
sprængt,1
naglet,1
dreje,1
afhænger,1
angribe,1
arbejdes,1
skader,1
brummer,1
ekspeder,1
angribes,1
undtaget,1
lækker,1
læppe,1
indladt,1
fisket,1
oprørt,1
nedstukket,1
tav,1
slaget,1
fylder,1
fungerer,1
hamre,1
sysler,1
skyndte,1
forvildet,1
efterlod,1
maget,1
overgivet,1
beskød,1
at,1
overtaget,1
antage,1
tilbyder,1
afslå,1
tvungen,1
forstyrrer,1
forbrudt,1
overmalet,1
sværmer,1
fuldført,1
mindede,1
hvisket,1
igennemlæst,1
præsenteres,1
besåle,1
tilfældet,1
følte,1
opholde,1
skreden,1
forstørret,1
rakte,1
forpligte,1
thelefonere,1
leende,1
løftet,1
fortræder,1
dækkede,1
jublende,1
forgik,1
antræde,1
nævn,1
bagt,1
bedømmer,1
ekciecere,1
færdes,1
averterer,1
smæk,1
bæres,1
spares,1
beset,1
besorgt,1
klapper,1
bedreven,1
far,1
lokker,1
inspicerer,1
støde,1
landede,1
beboet,1
revideret,1
kontrolleret,1
erklære,1
løser,1
indløse,1
vares,1
behængt,1
skænket,1
rokke,1
sminkede,1
udstyrede,1
fordøjet,1
angiver,1
betales,1
underskrevet,1
foreligge,1
krænke,1
styrte,1
friste,1
overgå,1
pege,1
tiltænkt,1
forsvinde,1
løsladt,1
fortæ1le,1
trampede,1
angive,1
opbevaret,1
fotokopieret,1
anbragt,1
ramler,1
foreslå,1
udspekuleret,1
undrede,1
trygler,1
overfyldte,1
springe,1
styre,1
fortælie,1
smutte,1
råb,1
overlade,1
enes,1
klemt,1
garantere,1
drømme,1
misforstået,1
volder,1
bekræfte,1
forledt,1
begiver,1
henligner,1
jævnet,1
jævne,1
tvinges,1
forekom,1
studeret,1
underholde,1
afsigter,1
løste,1
hellet,1
afhjælpe,1
gruet,1
opvarme,1
skyer,1
ler,1
forlænges,1
glippede,1
fordriver,1
forrettet,1
fløjter,1
gennempløjer,1
øvede,1
beslutter,1
sejle,1
klaget,1
vante,1
bamle,1
langer,1
hungret,1
vie,1
mislykkedes,1
banker,1
klædt,1
opdrive,1
begå,1
vor,1
buldre,1
berørt,1
udfyldes,1
vågnet,1
omvendt,1
rives,1
uddyrket,1
lysner,1
tryglet,1
afbryde,1
udarbejdet,1
lettende,1
hilst,1
tegnet,1
afslået,1
truede,1
tegne,1
erstatter,1
lurer,1
forladt,1
instruere,1
udladet,1
vænnet,1
standser,1
styrtede,1
tørrer,1
lugtet,1
snor,1
gennemboret,1
vandret,1
sørgende,1
dræbte,1
udskadte,1
tilskikket,1
afsendte,1
fanger,1
aflagt,1
bie,1
læmpe,1
tække,1
indset,1
inspicere,1
foreskrive,1
anstillet,1
svænker,1
spekuler,1
forestå,1
høstet,1
bundet,1
raslen,1
tordnede,1
flyve,1
stirrede,1
ringe,1
ringede,1
bæven,1
bløder,1
tilkommende,1
han'er,1
tæret,1
forekommer,1
tituleret,1
tænde,1
indleveret,1
hændt,1
ordentlig,1
nedsat,1
træffes,1
slukket,1
strømmet,1
skadet,1
fyldt,1
opbevare,1
afplukket,1
spærre,1
afgår,1
tjener,1
slås,1
ophævet,1
?,1
sejlede,1
kriditere,1
gnaver,1
måttet,1
nipper,1
delte,1
føjede,1
fortjæner,1
erfaret,1
gryblet,1
corresponderet,1
levere,1
tjenes,1
forklaret,1
tørre,1
sulter,1
anvist,1
helbredt,1
blande,1
understøtte,1
organiseret,1
passes,1
beslaglagt,1
betyder,1
forhørt,1
optage,1
underskrives,1
praler,1
gad,1
sadlede,1
kavlede,1
indhænte,1
bøvlede,1
skabt,1
fløjtet,1
overvunden,1
nappet,1
snappe,1
forskyder,1
forskuppet,1
snappede,1
indhæntet,1
hidrører,1
anbudt,1
håbende,1
peb,1
tromlede,1
pisker,1
thelephoneret,1
beløber,1
fortjener,1
udhungret,1
indstille,1
vedlagte,1
bekommer,1
forbedre,1
staldet,1
indeholdt,1
ramt,1
sakker,1
former,1
blot,1
tiltræde,1
sælger,1
arbejd,1
behøves,1
beskadiget,1
hersker,1
stalde,1
forpakke,1
bevilligt,1
bar,1
skiltes,1
kryber,1
indseet,1
bønhørt,1
tættet,1
satter,1
hedde,1
opnævnt,1
forfejlet,1
overbringe,1
frisker,1
strålende,1
voldt,1
vokse,1
ekspederet,1
skælner,1
trippe,1
opsamlet,1
forfejlede,1
forlader,1
overanstrenge,1
ruffe,1
],1
dækket,1
dumpet,1
pudsle,1
pippe,1
stjampet,1
fortjene,1
vinder,1
losse,1
frigivet,1
forhöjet,1
anmelde,1
indtraf,1
afskårent,1
beroliget,1
forsinket,1
indskrænke,1
omorganiseret,1
indsyet,1
lönner,1
skilles,1
spredes,1
søg,1
såkommer,1
kiggede,1
tilfredsstillet,1
correspondere,1
komnmer,1
trådt,1
ramte,1
ofret,1
bereder,1
døve,1
ledt,1
eders,1
udafbrudt,1
forplejet,1
forsørger,1
bøvle,1
bandt,1
syslede,1
fejet,1
omfalden,1
behøvet,1
skænker,1
liger,1
forvare,1
nægte,1
ankommer,1
medtaget,1
gen,1
uddeler,1
haster,1
mendte,1
vinde,1
bager,1
tynde,1
befordret,1
hungre,1
hele,1
afholdt,1
lokkende,1
rase,1
afspillet,1
hygge,1
købes,1
stammer,1
vader,1
ælsker,1
skrider,1
understrege,1
befindende,1
afhentes,1
modtager,1
trampet,1
omsået,1
leveret,1
bjærges,1
brunet,1
dyppe,1
bemærkede,1
udbestemt,1
indrettes,1
drejede,1
tenk,1
tilbød,1
udbrændt,1
kæmpes,1
tøver,1
skrue,1
blæser,1
hældt,1
tilhører,1
handlet,1
vågne,1
skændt,1
lov,1
plaget,1
svømme,1
omdrejet,1
vifter,1
reserveret,1
gifter,1
ryste,1
håbet,1
